id,average_minutes_played,points_per_game,average_total_rebounds,average_assists,win_shares,win_shares_per_48_minutes,box_plus_minus,value_over_replacement
1,24.5,9.5,6.7,1.5,21.8,0.09,-0.5,4.4
2,19.8,7,2.8,1.3,34.8,0.092,-0.9,4.9
3,33,14.2,4.3,2.6,55.7,0.109,0.2,13.5
4,35,18.3,4.4,2.1,88.7,0.122,0.8,24.9
5,22.9,8.5,5,1,22.5,0.07,-2.9,-3.7
6,16.9,6.4,3.3,0.9,10.9,0.071,-3.4,-2.7
7,22.8,9,3.1,2.3,24.6,0.068,-0.8,5.3
8,19.2,7.4,4.9,0.6,1.9,0.017,-5,-4
9,15.2,5.3,3.3,0.6,14.7,0.068,-3.8,-4.7
10,30.4,11.1,2.8,6.5,26.7,0.066,0.2,10.5
11,31.2,14.4,5.1,2.6,55.3,0.106,1.9,24.7
12,34.9,13.5,4.1,6.7,71.8,0.111,3,39.2
13,9.4,5,1.5,1,1.4,0.049,-3.6,-0.5
14,35.3,17.7,3.3,8.2,85,0.133,3.1,39.6
15,17.9,7.9,2.1,1.4,5.6,0.063,-2.5,-0.5
16,22.9,10.5,1.9,3.3,49.6,0.122,1.7,18.1
17,27.9,14.6,8.4,1.6,89.5,0.147,0.6,19.4
18,23.8,9.8,1.8,3.3,45,0.121,-0.2,8.1
19,8.1,3.5,1.2,0.4,-0.1,-0.005,-4.9,-0.9
20,8.4,2,1.9,0.5,-0.1,-0.008,-6.3,-0.5
21,26.1,10.8,3.4,2,24.2,0.063,-1.6,1.9
22,9.8,5.2,1.4,0.8,2.1,0.121,0.6,0.6
23,6.7,1.9,1.1,0.4,-0.5,-0.122,-8.8,-0.3
24,12.9,3.6,3.7,0.3,1,0.033,-3.7,-0.7
25,14.7,4.8,1.3,2.7,0.5,0.013,-3,-0.5
26,29.8,11.8,8.2,3.1,96.4,0.137,2.3,36.3
27,13.4,4.7,2.4,0.8,3.7,0.098,-0.4,0.7
28,27.6,11,2.2,5.9,32.9,0.075,-0.3,9.2
29,5.5,2,1.3,0.3,0,-0.015,-5.8,-0.1
30,6.7,1.9,1.1,0.3,0,-0.004,-6.2,-0.6
31,18.8,6.7,2,0.8,2.1,0.038,-3.2,-0.8
32,8,2.3,1.6,0.2,0.2,0.057,-3.1,0
33,6.5,1.8,0.5,1,0,0.022,-4,0
34,4.8,1.4,1.1,0.1,0.1,0.029,-6.9,-0.2
35,14.5,5,1.7,0.9,0.7,0.037,-2,0
36,30.8,14.2,4.6,2.2,89.7,0.101,0.5,26.6
37,14.4,6.9,4.2,0.4,6.4,0.142,-1,0.6
38,24.6,9.6,2.5,1.9,17.7,0.051,-3,-4.2
39,8.3,4.5,2.4,0.4,0.4,0.05,-4.9,-0.3
40,32.6,16.7,8.4,1.6,14.3,0.094,-0.4,3
41,9.8,1.9,2.9,0.5,0.4,0.052,-5.3,-0.3
42,,,,,,,,
43,17.2,5.9,3.1,0.8,19,0.076,-2.7,-2
44,,,,,,,,
45,12.2,4.3,1.1,1.8,-0.1,-0.012,-5.1,-0.5
46,6.5,3,1.5,0.5,0,0.088,-0.3,0
47,,,,,,,,
48,,,,,,,,
49,20.1,5.5,2.3,3.9,10.7,0.071,-0.7,2.4
50,11.1,3.4,1.6,0.6,0.9,0.027,-3.7,-0.6
51,4.3,2,0.6,0.3,-0.3,-0.106,-10.5,-0.3
52,12.2,2.8,0.9,2.7,1.6,0.023,-2.9,-0.8
53,,,,,,,,
54,,,,,,,,
55,33.2,16.5,9.3,2.5,64.3,0.119,1.4,22.3
56,35.3,16.3,3.9,6.7,145.5,0.148,3.3,62.5
57,26.7,14.6,1.9,3.5,25.2,0.077,-0.8,4.5
58,28.6,12.9,2.8,2.1,33.4,0.089,0.2,9.9
59,30.5,13.4,4.1,3,47.8,0.078,0.1,15.8
60,19.2,5.2,5.4,0.3,20.9,0.081,-4.3,-7
61,29.7,12.8,6.2,3.3,16.9,0.06,0,6.7
62,12.7,5.5,1.5,0.9,0.1,0.004,-5.7,-1.2
63,21.1,10.3,2.9,1.2,9.1,0.065,-2.5,-0.9
64,18.1,7.6,1.8,3.5,5.2,0.041,-1.5,0.8
65,28,9.4,8.6,0.8,56.2,0.12,-1.9,0.8
66,14,5.2,3.6,0.4,2,0.033,-5.9,-2.8
67,24.7,10.1,7.1,0.9,35.8,0.101,-1.5,2.2
68,25.8,11.1,2,2.8,2.4,0.039,-2.6,-0.5
69,6.6,3.4,0.9,0.7,0.2,0.018,-3.9,-0.3
70,24.2,10.6,5.4,1.3,33.3,0.097,-0.6,5.9
71,10.6,4,2.5,0.6,1.7,0.043,-4.1,-1
72,17.4,4.9,4.2,0.4,15.8,0.081,-2.3,-0.7
73,27.7,11.1,2.6,3.7,33.4,0.095,0.8,11.6
74,16.7,7.7,2.5,1.5,1.8,0.025,-1.9,0.1
75,20.6,7.3,7.5,0.6,20,0.098,-2.8,-2.1
76,11.4,4.2,1,1.8,1.3,0.032,-3.5,-0.8
77,23.2,6.9,5.4,1.4,10.8,0.07,-2,0.1
78,9,2.7,2.5,0.4,1,0.024,-5,-1.5
79,12.5,5.7,3.3,0.3,4.8,0.072,-3.8,-1.5
80,7.4,2,0.8,0.8,0.7,0.031,-3.2,-0.3
81,24.7,10.3,5.9,1.1,62.8,0.117,-0.5,9.5
82,3.7,1,1.3,0,0.1,0.031,-8,-0.3
83,26.3,11.6,4.2,3.7,59.6,0.129,2.8,27.2
84,17.3,5.3,3.6,0.6,9,0.054,-3.7,-3.4
85,16.4,6.2,1.3,2.8,4.2,0.044,-3,-1.1
86,10,3.3,1,1,-0.5,-0.02,-5.9,-1.2
87,4.4,2.1,1.4,0.2,-0.1,-0.013,-6.7,-0.2
88,12,3.6,1,1.6,0.4,0.017,-4,-0.6
89,12.2,3.9,2.6,0.5,5.6,0.033,-5.5,-7
90,15.6,5.7,3.4,1,0.8,0.023,-3.4,-0.6
91,20.6,9.9,2.1,2.1,1.1,0.017,-3.9,-1.5
92,11.7,3.3,1.8,0.8,16.5,0.094,-0.1,4
93,5.3,1.9,1,0.1,2.9,0.153,-1.9,0
94,23.8,7.8,2.1,3.9,27.4,0.065,-1.6,1.9
95,9.1,2.2,1.8,1.3,-0.1,-0.02,-4,-0.2
96,17.1,7.3,3.5,0.9,4,0.042,-2.6,-0.7
97,18,6.2,4.3,0.4,15.6,0.061,-4.5,-7.8
98,9.6,3.1,0.7,2,3.8,0.079,-1.8,0.1
99,28.9,10,7.5,1.1,59.6,0.11,-1.3,4.4
100,11.2,4.8,2.7,0.6,7.4,0.122,0.1,1.5
101,18.7,6.8,4.9,0.6,18.5,0.104,-2.1,-0.3
102,24.2,14.3,5.3,1.2,40.4,0.132,0.7,10.1
103,,,,,,,,
104,4.1,1.8,1,0.5,-0.1,-0.028,-5.9,-0.1
105,16,5.5,1.6,1.9,6.7,0.044,-2,0
106,4.3,1.1,0.9,0.4,-0.1,-0.104,-11.4,-0.1
107,,,,,,,,
108,15.2,6.3,1.8,1,0.4,0.006,-4.7,-2.3
109,36.3,16.2,7.5,3.3,69.7,0.13,1.4,22
110,30.1,12.6,3.1,6.1,62.5,0.116,1.4,21.9
111,29.4,11.7,6.7,2.8,28.6,0.078,-0.2,7.8
112,30.8,9.8,10.3,1,117,0.153,1.7,33.9
113,30.6,14.3,3.2,3.1,83.7,0.139,1.4,24.6
114,19.7,8,4.2,1.4,3,0.024,-3.6,-2.4
115,21.2,7.2,4.9,1.5,17.5,0.07,-2.6,-1.9
116,20,6.7,1.9,1.7,0.1,0.001,-3.7,-2.2
117,21.6,8,3.2,1.6,43.8,0.097,-0.2,9.8
118,24.2,11,6.2,1.1,22.8,0.109,-0.6,3.4
119,29.8,13.8,3,6.1,65.9,0.147,3.6,30.3
120,20.9,7.3,1.9,4,35.9,0.109,1.3,13.3
121,27.1,8,7.9,0.9,86.9,0.141,0.5,18.4
122,4.3,1.9,1,0.3,0.2,0.036,-6.9,-0.4
123,19.1,5.6,4.5,0.8,0.3,0.002,-5.7,-6.4
124,19.7,10.3,5.3,0.7,32.1,0.112,-1.1,3.2
125,20.1,8.9,4.8,0.9,8.8,0.073,-2.2,-0.3
126,8.2,3.3,1.1,0.4,-0.1,-0.004,-5.9,-1
127,17.1,6.7,1.5,2.2,1.5,0.024,-3.6,-1.2
128,8.2,2.8,1.9,0.3,-0.1,-0.021,-7.9,-0.5
129,23.4,10.1,2.5,4.9,25.6,0.103,2,12.1
130,9.4,3,2.4,0.3,1.2,0.069,-3.5,-0.3
131,19.6,8.5,5.2,0.6,8.1,0.066,-3.4,-2
132,25.5,9.6,3.8,2.8,44.7,0.09,0,11.7
133,,,,,,,,
134,7,2.6,1.3,0.4,1,0.054,-3.3,-0.3
135,14.4,4.3,3.3,0.8,10.6,0.06,-1.8,0.3
136,12,3.3,1.3,1.1,0.4,0.016,-4.4,-0.7
137,,,,,,,,
138,8.2,3.4,0.9,0.7,-0.2,-0.035,-5.3,-0.3
139,17.6,4.8,1.8,2.2,11,0.046,-1.9,0.2
140,1.5,3,0,0,0.1,1.442,30.1,0
141,14.1,4.7,3.2,0.8,1.8,0.025,-4.2,-1.9
142,5.8,2.3,0.8,1.5,0,0.032,-1.8,0
143,25,9,2,4.3,3.7,0.058,-1.9,0.1
144,11.7,3.7,1.2,2.2,1.6,0.058,-1.8,0.1
145,17.3,6.3,1.4,3.1,14,0.071,-0.5,3.6
146,,,,,,,,
147,11,4.2,1,0.7,0.3,0.018,-4.7,-0.6
148,14.6,4.5,1.3,2.1,2.5,0.016,-3.9,-3.5
149,8,4.2,1,0.5,-1.3,-0.095,-7,-0.8
150,,,,,,,,
151,11.9,4.6,1.2,1.1,-0.5,-0.142,-7.7,-0.2
152,,,,,,,,
153,28.7,11,3.1,2.7,27.2,0.097,0.2,7.5
154,21.8,10.6,3.4,1.1,4.5,0.097,-0.2,1
155,,,,,,,,
156,19.3,7.6,4.7,1.2,9.2,0.053,-2.5,-1
157,11.6,4.5,0.9,1.7,1,0.024,-3.6,-0.8
158,,,,,,,,
159,14.6,5,3.6,0.7,2.4,0.032,-4.9,-2.7
160,,,,,,,,
161,,,,,,,,
162,,,,,,,,
163,34.7,23.7,10.9,2.5,181.7,0.208,5.1,75.5
164,31,17.1,8.5,1.1,89.7,0.166,2.2,27.4
165,29.7,12.8,6.7,2.6,64.9,0.121,1,19.5
166,32.8,14.3,4.7,3.2,35.8,0.059,-0.9,8.2
167,28.2,11.9,6.5,1.6,32.8,0.089,-1,4.6
168,30.9,13,7.3,2.8,40.2,0.082,0.6,15.3
169,26.6,11.8,3.9,2.3,33.9,0.087,0.5,11.8
170,25.3,12.3,3.4,1.5,17.5,0.069,-0.9,3.4
171,30.3,11.5,7.5,1.5,58.4,0.101,-0.3,11.8
172,16.7,5,4.1,0.7,24.9,0.116,-1.3,1.7
173,24.5,7,4.8,2.1,66.3,0.118,1.9,26.4
174,18.7,9,2.2,1.2,4.2,0.053,-3,-0.9
175,28,10.1,3.4,2,29.5,0.086,-0.8,4.9
176,23.8,10.1,3.2,1.7,17.1,0.07,-1.2,2.2
177,24.7,9.7,2.6,2.4,30.7,0.072,-0.7,6.6
178,7.2,2.4,0.6,1.7,0.6,0.026,-1.5,0.1
179,31.5,11.2,4.1,3.6,55.7,0.102,1.1,20.7
180,18.4,9,2.5,0.8,24.1,0.096,-0.1,5.8
181,20.9,10.9,3.8,1.3,9.4,0.067,-2.5,-0.9
182,22.1,8.2,1.5,1.7,27.7,0.088,-0.9,4.2
183,16.9,5.7,1.8,2.2,37.2,0.129,1.8,13.4
184,23,7.4,5.9,2.2,21.1,0.089,0.6,7.4
185,20.8,5.1,1.3,3.6,7.9,0.036,-2.9,-2.3
186,38.6,18.3,4.1,4,56.3,0.077,0.4,21
187,16.8,5.9,3.5,0.7,0,0.001,-4.6,-1.7
188,8.1,3.5,1.1,0.3,-0.3,-0.032,-8.2,-0.7
189,12.5,3.9,3,0.5,3.9,0.069,-3.9,-1.3
190,11.7,4.9,3.7,0.2,2.6,0.109,-3,-0.3
191,31.1,9.1,7.7,1.5,89.8,0.128,0,17.4
192,18.1,6.2,3.8,0.8,16.2,0.057,-2.9,-3.1
193,5.8,1.5,1.8,0.1,0.4,0.051,-5.1,-0.3
194,16.8,5.9,1.6,3,12,0.082,-0.8,2.2
195,7.4,2.4,0.9,0.7,0.2,0.037,-5.6,-0.3
196,17.7,5.1,1.3,2.8,3.2,0.039,-2.3,-0.3
197,12.4,3.5,1,2,1.6,0.041,-2.7,-0.3
198,8.9,2.3,0.7,2,-0.5,-0.032,-6.1,-0.8
199,4.1,2.2,0.5,0.2,0,-0.022,-5.7,-0.1
200,7.6,2.3,0.5,1,-0.3,-0.095,-6.9,-0.2
201,8,2.9,0.5,1.2,1.6,0.066,-2.4,-0.1
202,,,,,,,,
203,23.5,7,7.4,1.3,22,0.084,-2.7,-2.1
204,22.1,9.2,5.7,0.7,28.4,0.112,-1.8,0.6
205,31.1,12.8,2.4,2,4.2,0.087,-0.7,0.8
206,,,,,,,,
207,20,6.7,3,1.1,1,0.023,-2.8,-0.4
208,5.8,2.1,1.7,0.2,0.1,0.026,-6.3,-0.3
209,16,4.2,3.5,0.7,0.4,0.048,-4.5,-0.2
210,5.5,1.9,0.8,0.3,0,0,-4.7,-0.3
211,,,,,,,,
212,10.2,3.5,2.2,0.5,0.6,0.058,-3.1,-0.1
213,,,,,,,,
214,6,1.5,1.5,1,0,-0.126,-8.5,0
215,,,,,,,,
216,,,,,,,,
217,37.1,20.7,9.8,4.2,84.7,0.132,3.4,42.1
218,23.5,8.1,6.3,0.7,40.7,0.1,-0.2,8.9
219,33.7,15.2,4.5,5,61.9,0.125,2.5,26.9
220,37.3,19.1,5.4,4,43.7,0.092,0.3,13.4
221,31.7,16.7,3.8,2.7,22.8,0.061,-1,4.5
222,26.7,9.5,3.2,1.7,23.1,0.05,-2.5,-2.9
223,15.5,3.8,1.1,3.3,-1.2,-0.014,-5.4,-3.5
224,32.5,15,7.4,1.9,47,0.088,-1.2,5.3
225,25.3,10.9,4.5,2,38.8,0.085,-0.3,9.7
226,24.8,8.5,2.2,2.7,32.9,0.068,-0.4,9.4
227,33.7,17.3,2.9,2.4,55.3,0.094,0.1,15
228,22.8,6.6,5,1.4,32.3,0.088,-0.4,7.3
229,18.2,8,1.5,2.6,7.3,0.048,-2.6,-1.1
230,6.9,2,2,0.2,0.3,0.087,-2.8,0
231,9.9,2.4,1.8,0.7,0.2,0.013,-4.8,-0.6
232,13.7,4.6,1.2,1.7,6.3,0.066,-2,0
233,12.2,4.5,1.1,1,1.3,0.025,-3.8,-1.2
234,6.1,1.3,0.7,0,-0.1,-0.064,-12.3,-0.2
235,13,5.1,2.7,0.3,0.3,0.005,-5.9,-2.5
236,19.8,6.9,3.5,1.4,16.4,0.104,0.7,5.2
237,18.2,7.6,1.7,1.9,5.8,0.04,-2,0
238,30.4,11.2,4.9,1.9,37.7,0.105,-0.5,6.8
239,20.1,4.1,6.1,0.5,37.8,0.107,-1.4,2.6
240,30,15.7,3.2,6,87.5,0.141,1.8,28.8
241,15.4,3.6,4.2,0.7,18.2,0.088,-2.5,-1.1
242,3.4,1.8,0.9,0.3,0.1,0.089,-3.7,0
243,3.1,1.5,1.1,0,0.1,0.036,-8.7,-0.1
244,19.6,7.2,2.3,1.4,28.7,0.088,-0.9,4.5
245,,,,,,,,
246,21.9,9.8,6.4,0.5,19,0.136,-0.3,2.9
247,6.2,2.4,1.3,0.4,0.1,0.02,-5.5,-0.1
248,10.4,3.2,1.8,0.9,-0.4,-0.153,-8.4,-0.2
249,9.9,3.1,2.6,0.3,2.5,0.066,-3.8,-0.9
250,7.3,1.9,0.9,0.5,-0.1,-0.02,-2.8,-0.1
251,4.3,0.8,1,0.3,0,-0.077,-7.6,0
252,,,,,,,,
253,32.9,14.4,2.9,6.6,55.9,0.093,0.4,17.7
254,,,,,,,,
255,,,,,,,,
256,9.3,3.3,1.7,0.2,-0.3,-0.028,-8.3,-0.8
257,,,,,,,,
258,9.7,2.1,0.6,2.2,0,-0.015,-2.9,0
259,7.2,3,1.7,0.5,0.5,0.06,-2.3,0
260,,,,,,,,
261,23.5,7.9,3.5,1.3,47.4,0.115,0.4,11.8
262,4.2,2.4,1.4,0,0,-0.014,-8.2,-0.1
263,17.4,6.5,1.4,2.8,21.2,0.101,-0.2,4.6
264,4.1,0.9,0.9,0.2,0,-0.016,-8.1,-0.1
265,,,,,,,,
266,,,,,,,,
267,,,,,,,,
268,10.4,2.9,2.6,0.4,1,0.067,-4.5,-0.4
269,,,,,,,,
270,,,,,,,,
271,36.8,20.7,6.1,2.7,39.8,0.075,0.1,13.5
272,36,12.6,6.3,8.7,138.6,0.133,3.8,73.5
273,33.9,16.7,6,4.1,99.9,0.138,3,43.6
274,26.2,11.2,6.7,1.4,59,0.113,1.1,19.9
275,30.3,13.4,6.1,2.2,59.4,0.078,-1.6,3.8
276,22.3,9.7,5,0.6,1.4,0.015,-4.8,-3.2
277,25.1,11.3,4.1,1.3,19.8,0.052,-1.2,4
278,28.3,10.5,7.4,1.2,54.5,0.122,-0.8,6.2
279,18.2,4.5,4.6,0.4,8.5,0.048,-4.4,-5.2
280,34.4,14.8,4,2.9,100.6,0.147,3.1,42.3
281,19,7.4,4.3,0.6,11.1,0.095,-1,1.5
282,21.1,7.8,2.1,3.2,8.4,0.069,-1.3,1
283,30.3,14.3,3.5,3.8,47.2,0.081,-0.2,12.3
284,9.1,2.1,2.6,0,-0.7,-0.033,-8.4,-1.6
285,18.5,7.5,2.2,1,31,0.102,0.2,7.9
286,17.2,4.8,5.2,0.6,3.9,0.063,-3.5,-1.1
287,24.2,7.4,3.3,2.7,40,0.1,0.7,12.9
288,13.9,3.9,3.1,0.5,1.1,0.034,-4.3,-0.9
289,14.2,7.3,1.3,1.2,1.3,0.027,-3.3,-0.7
290,14.7,3.5,1.1,3.2,-0.7,-0.039,-5,-0.6
291,15.9,4.2,3.6,0.9,4.7,0.044,-4.5,-3.3
292,11,2.7,2,0.4,1.6,0.047,-5.3,-1.3
293,28.3,11.2,3.3,1.7,44,0.102,0.9,15.2
294,16.7,6.3,2.8,1.2,11.4,0.072,-1.8,0.3
295,18.6,6.9,2.7,1.4,8.2,0.077,-1.5,0.7
296,22.3,6.3,2.6,4,33,0.113,2.1,14.5
297,10.2,4.5,0.9,1.7,2,0.057,-1.5,0.2
298,,,,,,,,
299,9.8,2.3,1.5,0.3,1.7,0.057,-3.8,-0.6
300,20.4,6.5,1.7,3.5,19.5,0.058,-1.7,1.3
301,,,,,,,,
302,14.8,2.7,3.1,0.3,9.4,0.076,-2.2,-0.3
303,19.1,5.4,3.8,0.7,2.6,0.047,-2.8,-0.5
304,10.5,3.8,1.3,0.3,0.1,0.076,-1.2,0
305,23.5,5.6,7.1,1.5,23.4,0.107,-0.1,5.1
306,,,,,,,,
307,10.1,3.7,2.4,0.7,1.8,0.074,-2.6,-0.2
308,10.5,3.5,1.3,0.7,1.1,0.038,-3.3,-0.5
309,9,2.8,2.7,0.4,3.8,0.11,-2.6,-0.2
310,5.3,1.6,0.6,0.3,0,-0.03,-4.9,0
311,,,,,,,,
312,,,,,,,,
313,6,1.8,2.2,0.2,1.3,0.101,-3.8,-0.3
314,,,,,,,,
315,9.6,4.1,1.4,0.4,0.2,0.025,-3.5,-0.1
316,27.2,11.9,2.8,2.1,29.6,0.093,0,7.9
317,12.2,3.2,1.5,1.1,1.2,0.045,-1.5,0.2
318,,,,,,,,
319,,,,,,,,
320,2.3,0.7,0.7,0,0,-0.179,-18.9,0
321,14.9,6.4,3.6,0.6,12.9,0.131,-0.5,1.8
322,18.6,6.3,1.3,2.8,6.4,0.062,-1.8,0.3
323,,,,,,,,
324,15.3,5.9,3.2,0.4,8.3,0.121,-2.2,-0.2
325,26.2,10.9,6.4,1,60.3,0.107,-1.5,3
326,27.6,12,7.5,1.3,69.8,0.119,-0.1,13.2
327,31.2,16.9,3.2,3.3,52.4,0.083,0.3,17.4
328,32.7,14.4,6.7,1.8,105.1,0.139,2.2,38.3
329,34.5,17.8,10,3.7,191.4,0.182,5.6,96.9
330,30.6,12.5,6.9,1.6,13,0.052,-3.4,-4.3
331,33.2,13.4,3.5,6.1,55.4,0.091,0.3,16.8
332,13.7,4.9,1.3,1,2.1,0.043,-2.3,-0.2
333,16.1,5,2.5,0.8,1.1,0.025,-3.5,-0.7
334,24.5,8.1,6.6,1.1,64.2,0.114,-0.8,8.6
335,19.5,8.6,4.5,1,23.2,0.113,-1,2.4
336,15.8,4.4,3.6,0.6,11.8,0.076,-2.4,-0.7
337,22.8,11.1,3.9,1.2,34.7,0.089,-2,-0.1
338,23.9,8.6,3.3,1.4,23.2,0.071,-2.4,-1.5
339,25.9,9.3,3,3.2,70.5,0.143,2.6,27.7
340,21.1,7.8,5,0.6,28,0.097,-1.8,0.6
341,23.7,8.6,3.4,3.8,28.3,0.087,0.4,9.4
342,25.3,7.2,5.7,0.6,47.9,0.112,0,10.3
343,7.9,2.4,0.5,1,-0.2,-0.026,-5.7,-0.4
344,19.6,7.3,4.4,0.9,13.5,0.072,-3.6,-3.6
345,34.4,15.7,4.4,2.9,85.2,0.108,1,28.8
346,9.8,3.4,2.1,0.2,0.8,0.029,-7.5,-1.8
347,21.4,7.6,1.8,3.5,30.9,0.098,-0.4,6
348,14.6,4.6,3.4,0.6,0.5,0.012,-7.2,-2.7
349,9.8,2.9,3.1,0.3,0.6,0.026,-6.4,-1.3
350,5,3.2,0.9,0.2,0.4,0.124,-5.2,-0.1
351,8.9,4,2.7,0.4,1.9,0.153,-0.8,0.2
352,19.5,4.6,5.5,0.6,33.8,0.11,-0.6,5.1
353,15.8,5.5,1.6,2.7,3,0.03,-1.7,0.4
354,7.3,2,1.4,0.3,0,-0.001,-4.9,-0.4
355,13.9,2.4,2.8,0.7,-0.2,-0.016,-7.3,-0.8
356,11.3,2.9,1.2,1.5,-0.2,-0.021,-4,-0.2
357,8.1,3.1,1.8,0.2,-0.2,-0.018,-7.5,-0.7
358,16.8,4.8,4.2,0.6,19.3,0.094,-2.9,-2.4
359,13.9,4.5,1.8,1.4,0,0.001,-4.6,-0.6
360,15.2,6.3,1.5,1.5,0,0.001,-2.1,0
361,6.1,2.1,1.2,0.5,0,0.025,-4.7,-0.1
362,,,,,,,,
363,7.7,2.5,1,0.3,0.9,0.045,-3.8,-0.4
364,15.3,5,3.1,0.3,0,0.01,-7.2,-0.2
365,,,,,,,,
366,6.5,2.6,0.8,0.5,-0.3,-0.064,-4.9,-0.1
367,27.3,6.8,2.5,5,43.4,0.09,-1,5.9
368,,,,,,,,
369,,,,,,,,
370,,,,,,,,
371,21,7.6,1.7,4,6.8,0.068,-1.5,0.7
372,16,5.5,3,1.3,2.3,0.03,-2.4,-0.4
373,11.2,2.9,1.1,1.7,0.2,0.006,-3.2,-0.4
374,9.6,3.6,1.4,0.3,0.1,0.026,-5,-0.2
375,,,,,,,,
376,18.4,5.4,2.7,1.6,27.6,0.133,1.2,8
377,,,,,,,,
378,,,,,,,,
379,4,0,1,0,-0.1,-0.638,-32.4,0
380,15.2,6.7,2.2,1,3.9,0.042,-3,-1.1
381,4.6,1.3,0.4,0.4,-0.1,-0.151,-6.3,0
382,13.3,3.6,2.9,0.4,13.7,0.123,-2.1,-0.2
383,41.1,26.7,3.7,6.2,99,0.126,3.2,49.6
384,29.5,9.5,9.8,1.9,81.6,0.137,2.3,31.3
385,34.8,18.1,7.5,2.5,71.2,0.118,1,21.9
386,37.7,19.3,3,7.6,77.5,0.117,1.8,30.7
387,35.6,18.9,4.1,3.4,145.1,0.15,2.9,57.6
388,35.3,17.5,7.7,3.5,38.1,0.058,0.3,18
389,23.8,8,6.4,0.8,30.5,0.079,-2.6,-3
390,33.4,14.1,3.9,2.6,44.8,0.127,2.2,18
391,17.1,5.3,4.7,0.6,14.2,0.089,-2.6,-1.1
392,24.3,7.4,7.1,0.8,52.7,0.105,-1.3,4.1
393,11.1,3.7,3,0.2,2.2,0.041,-5.7,-2.3
394,19,6.5,4.5,0.7,15.5,0.064,-4,-5.9
395,36.1,25,5.2,4.7,172.7,0.17,4.6,80.1
396,33.5,17,4.7,1.8,82.6,0.147,1.9,26.2
397,31.3,14.3,3,8.5,129.7,0.164,3,48.2
398,21.5,9.1,2.5,1.9,19.5,0.08,-0.4,4.8
399,27.1,13.2,7.2,1.4,66,0.116,0.3,15.6
400,16.1,7.6,2.8,0.7,6.4,0.05,-2.7,-1
401,17.5,5.2,2.6,1.1,13.7,0.064,-1.7,0.8
402,27.2,13,7.3,1.1,66.3,0.139,-0.2,10.2
403,6.1,2.9,0.6,0.3,-0.3,-0.175,-10.9,-0.2
404,16.9,4.8,3.5,0.4,1.7,0.035,-3.7,-1
405,4.1,1.5,0.7,0.2,0.2,0.058,-3.8,-0.1
406,25.4,8.3,2.1,3,62.3,0.091,-0.9,8.9
407,11.5,4.7,2.2,0.6,2,0.1,-1.6,0.1
408,21.7,6.6,6.4,0.8,37.9,0.143,0.3,7.4
409,10.8,3.7,1.6,0.8,1.7,0.076,-0.8,0.3
410,7.1,3.4,1.9,0.4,-0.8,-0.074,-7.9,-0.8
411,12.3,3.4,3.1,0.6,7.9,0.083,-3,-1.1
412,19.6,7.4,4.4,0.6,23.1,0.08,-3.4,-4.9
413,13.2,3.3,2.8,0.6,2.1,0.067,-3.8,-0.7
414,,,,,,,,
415,17.2,5.1,2,2.8,10,0.063,-1.4,1.2
416,,,,,,,,
417,,,,,,,,
418,,,,,,,,
419,27.7,9.4,2,4.4,23.1,0.07,-2.1,-0.3
420,7.7,2.2,1.7,0.2,0.2,0.031,-6.5,-0.3
421,,,,,,,,
422,,,,,,,,
423,7.7,2.1,1.1,0.3,0,-0.014,-5.7,-0.1
424,13.2,3.8,1.4,2,2.3,0.041,-2.5,-0.3
425,3.9,1.4,1.3,0.1,0.1,0.04,-5.5,-0.1
426,16.5,6.2,4.1,0.8,26.5,0.095,-2.1,-0.4
427,,,,,,,,
428,8.5,3.4,0.8,0.9,0.3,0.066,-2.6,0
429,,,,,,,,
430,21.5,4.5,7.1,0.7,8.2,0.091,-2.7,-0.7
431,8.5,1.8,1.9,0.3,0.5,0.024,-4.7,-0.7
432,,,,,,,,
433,14.4,4.6,1.5,1.4,-0.1,-0.003,-4,-0.6
434,10.7,1.9,1.7,0.4,1.3,0.038,-4.3,-0.9
435,3.7,1.4,1.1,0.2,0,0.043,-3.7,0
436,22.2,7.4,3.1,1.4,23.6,0.071,-1.3,3
437,,,,,,,,
438,9.2,2.1,0.8,1.1,0.6,0.032,-2.5,-0.1
439,10,2.2,1.1,1.9,0.6,0.051,-3.5,-0.2
440,,,,,,,,
441,34,19,10.8,3,206.4,0.209,5.6,91.1
442,31.6,16,6.8,1.6,41.7,0.11,0.1,9.6
443,31.6,15.2,2.9,5.4,120.8,0.176,3.2,43.5
444,22.6,7.6,1.8,3.4,47,0.115,0,10.1
445,21.1,6.1,5.1,0.6,36.4,0.099,-1.8,0.8
446,31.1,13.6,3.1,2.1,9.4,0.034,-2.7,-2.5
447,25.9,11.5,4.1,1.5,35.2,0.079,-0.8,6.4
448,17.8,4.1,4.7,0.5,18.7,0.069,-1.7,1.1
449,32.7,19.6,5.6,4.4,97.3,0.152,5.2,55.7
450,20.1,8.2,7.2,0.7,22.3,0.121,-3.2,-2.6
451,20.4,7.8,3.3,1.1,3.5,0.035,-3,-1.2
452,17.4,6.8,4,1,27.6,0.115,-0.1,5.6
453,29.2,12,3.2,3.4,43.9,0.117,1,13.5
454,25,11,4.6,1.2,9.9,0.036,-3.6,-5.3
455,19.6,5.5,5.3,0.5,28.6,0.129,-0.3,4.4
456,24.9,7.3,2.4,6.1,32.6,0.086,0.3,10.5
457,16,4.7,2.2,0.5,0.1,0.007,-4,-0.4
458,13.9,5.2,3.4,0.8,2.8,0.062,-2.9,-0.5
459,16.5,4.4,4.6,0.4,26.6,0.153,-0.6,2.9
460,6.9,1.8,1.1,0.2,-0.1,-0.043,-8.7,-0.2
461,27.8,9.1,3.2,2.3,24.5,0.085,-0.2,6.1
462,13.5,6.2,1.2,0.8,0.1,0.009,-4,-0.4
463,22.2,9.7,3.1,2.6,31.4,0.09,0.4,10
464,17.1,5.3,1.2,1.7,-1.6,-0.064,-6.3,-1.3
465,10.8,2.7,2.1,0.3,3.2,0.067,-4.4,-1.4
466,13.9,5.1,1.4,0.9,1.5,0.036,-1.1,0.4
467,16.3,4.5,1.3,2.5,15.4,0.058,-3.4,-4.5
468,10,2.9,2.2,0.9,-0.8,-0.08,-6.1,-0.5
469,,,,,,,,
470,,,,,,,,
471,8.3,2.5,1.4,0.6,0.6,0.07,-2,0
472,4.8,2.6,0.8,0,0,0.008,-6.6,-0.1
473,4.9,2.5,0.7,0.3,0.2,0.047,-2.4,0
474,10.1,3.3,1.7,0.9,0.1,0.013,-3.5,-0.2
475,7.3,2.7,2.1,0.1,0.2,0.098,-1.4,0
476,4.5,2.6,0.6,0.1,0,0.008,-1,0
477,19.6,8.4,4.3,0.8,13,0.082,-2.7,-1.4
478,11.7,5.1,1.9,0.7,0.3,0.02,-3.3,-0.2
479,19.6,5.6,1.7,2.9,23.2,0.072,-1.5,2
480,,,,,,,,
481,4.7,1.5,1.6,0.3,0.5,0.28,4.8,0.1
482,31.9,15.1,3.9,3.1,36.1,0.063,-0.4,11.2
483,,,,,,,,
484,23.8,7.3,2.9,1.6,3.3,0.026,-2.8,-1.3
485,7.3,3.1,0.4,1.8,-0.1,-0.049,-6.2,-0.2
486,22.1,6.9,2.1,1,0.1,0.002,-3.5,-0.9
487,27.4,9,2.5,4.1,21.7,0.082,-0.4,4.9
488,19.9,7.9,3.5,0.8,5.6,0.048,-3,-1.3
489,,,,,,,,
490,15.8,6.6,2.2,0.6,6.5,0.078,-2.6,-0.6
491,9.3,3.3,0.7,1.6,0.5,0.034,-1.9,0
492,,,,,,,,
493,,,,,,,,
494,23.1,8.2,4.6,0.8,18.8,0.065,-2.7,-2.5
495,,,,,,,,
496,,,,,,,,
497,,,,,,,,
498,26.3,8.3,6.8,0.7,2.5,0.009,-4.6,-8.5
499,33.9,14.7,3.1,5.5,73.2,0.104,0.8,23.8
500,25.8,10.1,6.1,1.1,39.4,0.13,0.7,9.8
501,34.8,18.5,7.5,1.6,87.8,0.112,0.6,24.5
502,30.1,16.7,4.3,3.1,125.3,0.13,3,57.9
503,14.3,4.8,3.7,0.7,13.3,0.102,-1.6,0.7
504,29.4,10.5,2.3,5.9,38.5,0.08,0.2,12.9
505,30.8,14.1,4.2,3.1,32.3,0.069,-0.1,10.7
506,33.8,20.7,7.5,2.4,206.3,0.193,4.5,84.8
507,34.2,19.7,5.6,3.5,150,0.157,3.7,65.5
508,25.6,12.1,4.6,2.1,29.4,0.093,0.2,8.3
509,15,4.9,3.3,0.6,12.7,0.07,-3.7,-3.7
510,22.6,8.2,5.9,0.9,18.2,0.11,-0.7,2.6
511,35.3,15.4,2.9,2.6,9.6,0.061,-1.3,1.3
512,26.4,11.5,5.1,1.4,41.9,0.114,-0.6,6.2
513,16.3,4.4,1.2,2.2,2.4,0.03,-3.1,-1.1
514,22.2,6.8,5.1,1,39.9,0.107,-0.9,5
515,5.3,1.9,1.9,0.3,0,-0.019,-6.3,-0.1
516,20,7.3,2.6,0.8,18.7,0.081,-1.8,0.5
517,18.8,7.2,2.7,1.1,0.2,0.004,-4.4,-1.3
518,29.8,13.5,3.5,3.3,28,0.061,-0.8,6.3
519,17.9,4.7,4.7,0.5,15.8,0.07,-2.5,-1.5
520,22.7,8.5,1.7,3.1,19.7,0.075,-1.8,0.6
521,16.6,5.8,2.4,1,3.1,0.036,-2.5,-0.5
522,28.6,13.5,5.6,1.7,42.5,0.073,-1.5,3.7
523,11.1,4.2,1.2,0.5,1.1,0.071,-3.9,-0.4
524,13.8,4.1,4.4,0.3,5.2,0.067,-3.3,-1.2
525,14.3,5.5,1.7,0.9,-0.9,-0.019,-4.8,-1.6
526,15.8,5.8,4.7,0.4,34.3,0.104,-2.6,-2.2
527,10.2,3.2,1.8,0.5,1.4,0.051,-3.3,-0.4
528,24.6,10.7,4.2,1.8,35.1,0.106,0.7,10.8
529,32,14.9,5.2,1.7,90.9,0.13,1.9,33.1
530,14.7,4.6,3.5,0.5,5.1,0.064,-2.9,-0.9
531,16.5,5.8,1.6,2.4,8.8,0.079,-0.7,1.7
532,5.1,1.7,1,0.2,-0.7,-0.062,-8.9,-0.9
533,13.3,4.3,3.1,0.3,2.9,0.029,-4.9,-3.5
534,1.6,0.2,0.3,0,-0.1,-0.498,-29.8,-0.1
535,7.4,1.2,1.4,0,-0.1,-0.091,-10.3,-0.1
536,28.9,10.1,2.8,4.8,32.9,0.081,0,9.6
537,5,4.3,1.3,0.3,0.1,0.28,9.4,0
538,37,16,3.9,2.7,52.2,0.091,-0.1,12.9
539,3.8,0.4,0.4,0,-0.1,-0.289,-17.4,-0.1
540,17.7,5.9,5.8,0.2,10.4,0.085,-3.2,-1.8
541,9.9,2.8,2.2,0.2,2.6,0.055,-5,-1.7
542,9.6,3.3,1.7,0.6,1,0.072,-3.5,-0.3
543,7.6,3,1.7,0.4,0.7,0.114,-1.9,0
544,3,4,0,2,0.1,1.367,51.1,0
545,9.2,2.3,1.8,0.2,0.2,0.028,-6.7,-0.5
546,14.9,4.1,1.2,1.6,-1.2,-0.089,-8.2,-1
547,,,,,,,,
548,,,,,,,,
549,8.4,3.1,1.6,0.8,0.6,0.045,-2.2,0
550,19.1,5,2.8,1.3,20.9,0.092,-0.9,3
551,12,2.9,2.2,0.5,2.1,0.08,-2,0
552,12.8,2.6,2.1,0.5,12.4,0.092,-0.8,2
553,11,3.2,1.6,0.7,-0.2,-0.025,-4.8,-0.2
554,8.1,2.1,2.3,0.3,0.3,0.071,-4.9,-0.1
555,7.9,2.7,1.7,0.2,2.3,0.134,-1.2,0.2
556,33,15.9,8.5,2.1,109.6,0.151,2.2,37.3
557,37.6,18.1,5.6,6,54.1,0.12,2.2,22.7
558,34.2,16.1,3.8,7.2,63.1,0.106,2.6,33.1
559,33.4,13.3,8.4,3.7,77,0.115,1.9,31.4
560,14.7,5.5,2.2,0.6,3.8,0.047,-2.6,-0.6
561,30.8,14.1,4,2.4,53.3,0.127,0.7,13.6
562,32.1,17.1,3.1,3.4,62.8,0.102,-0.2,13.2
563,30.9,12.5,3.7,6.5,100.8,0.12,1.3,33.4
564,34.5,15.2,8.7,1.9,124.9,0.15,2.7,47.6
565,29.8,13.4,2.3,3.8,102,0.116,1.5,37.4
566,14.6,5.4,1.3,1.3,2.9,0.079,-1.1,0.4
567,10.1,1.7,2.4,0.5,-0.4,-0.13,-11.6,-0.4
568,28.2,16,4.9,2.1,62.2,0.128,0.3,13.3
569,8.5,2.7,0.7,1.4,-0.9,-0.034,-5.6,-1.1
570,,,,,,,,
571,31.7,13.2,4.5,2.7,61.1,0.093,1.2,25.4
572,9.7,3,1.9,0.2,1.8,0.061,-3.2,-0.4
573,26.9,8.6,4.7,1.6,51.6,0.107,0.3,13.7
574,11.7,3.6,1.3,0.6,0.8,0.02,-4.9,-1.4
575,20.9,8.2,3.1,1.5,5.8,0.045,-1.8,0.3
576,20.6,4.9,6.9,0.9,47.5,0.145,-0.4,6.3
577,27.4,9.3,6.9,1.5,31.2,0.086,-1.3,3.1
578,18.5,5.6,3.1,0.9,18.2,0.075,-1.5,1.4
579,30,11.8,5.5,2.7,75.4,0.151,4.9,41.7
580,6.1,1.6,1.1,0.3,0,-0.003,-7,-0.3
581,19,6.9,1.9,2.7,2.2,0.028,-2.4,-0.3
582,20.8,7.1,4.2,0.9,15.1,0.074,-1.2,2.1
583,12.5,4.2,2.7,0.7,13.2,0.113,-0.4,2.3
584,6.9,2.2,2.2,0.2,0.2,0.112,-2.9,0
585,11.6,2.3,0.7,1.3,-0.1,-0.038,-7.6,-0.3
586,,,,,,,,
587,14.4,1.7,3.9,0.6,6.8,0.055,-3.3,-2
588,14.4,3.2,1,2.4,0.5,0.025,-4.5,-0.6
589,14,2.8,3.9,0.5,4,0.09,-3,-0.5
590,12.2,3.3,2.8,0.4,8,0.086,-1.8,0.3
591,9.2,4.4,1.7,0.3,2.1,0.078,-1.6,0.1
592,10.6,3.6,2.7,0.2,1.7,0.054,-5.4,-1.3
593,11.4,3.3,1.5,1.2,0.7,0.021,-2.1,0
594,7.6,1,2.8,0,-0.2,-0.129,-15.9,-0.2
595,23,9.6,2.5,1.5,8,0.044,-2.5,-1.1
596,15.3,3.7,3.5,0.6,11.7,0.078,-2.7,-1.3
597,,,,,,,,
598,19,8.6,3.1,1,8,0.066,-2,0
599,,,,,,,,
600,25,5,0,0,0,-0.022,-5.4,0
601,,,,,,,,
602,15.4,6.1,4,0.5,11.9,0.166,0.3,2
603,,,,,,,,
604,5.6,1.4,1.4,0.1,0,-0.015,-7.4,-0.2
605,,,,,,,,
606,,,,,,,,
607,,,,,,,,
608,18.2,6.4,2.6,0.8,2.9,0.033,-3.8,-1.9
609,,,,,,,,
610,,,,,,,,
611,5.5,2.2,1.4,0.2,0.2,0.058,-4.9,-0.1
612,25.4,13.3,3.5,3.8,106.4,0.19,5,47.6
613,,,,,,,,
614,30.6,12.3,6.8,1.9,48,0.1,0.1,12.1
615,19.8,8.4,4.6,0.5,21.3,0.095,-1.6,1.1
616,26.3,10.1,4.9,1.9,9.5,0.039,-1,3
617,20.9,9.6,4.6,1.2,2.7,0.022,-3.7,-2.6
618,26.9,10.6,4.2,2.6,60.7,0.105,0.8,19.8
619,17.2,6.2,2.2,0.9,6.4,0.052,-1.6,0.6
620,20.1,7.5,5.3,0.5,13.3,0.073,-3.9,-4.3
621,29.4,14.6,2.2,3.4,60.7,0.075,-0.1,18.4
622,19.8,3.9,6.2,0.4,23,0.094,-1.7,0.8
623,19.4,7,1.3,2.2,18.5,0.063,-2,-0.2
624,9.6,2.7,2.7,0.3,2.1,0.074,-2.9,-0.3
625,17.3,5.7,4.7,0.4,14.9,0.101,-2.1,-0.2
626,21.7,9,2.2,1.2,4.1,0.048,-3.7,-1.7
627,11.2,3.6,1,1.9,-0.8,-0.021,-5.6,-1.7
628,14.4,5.6,2.9,0.3,1.9,0.042,-5.4,-1.9
629,26.8,11.1,4,2.8,63.3,0.114,0.9,19.6
630,30.5,12.1,4.5,1.6,23.1,0.056,-2.4,-2.1
631,26.5,10.3,4.7,1.5,32.8,0.076,-0.4,8.5
632,21.5,7.2,6.5,0.6,27.7,0.091,-2.9,-3.1
633,25.6,9.3,2.5,4.3,14.2,0.08,-0.3,3.6
634,27.2,10.7,3.5,1.5,35.7,0.089,-0.4,7.6
635,16.2,5.6,4,0.8,4.7,0.069,-2.6,-0.5
636,22.3,7.2,2.2,1.6,12.1,0.032,-2.7,-3.5
637,10.2,2.6,2.5,0.4,-0.9,-0.043,-7.9,-1.5
638,15.9,4.8,3.9,0.3,9.9,0.095,-3.1,-1.4
639,12.4,3.8,3.3,0.1,1.8,0.101,-4.2,-0.5
640,18.1,7.2,3.9,0.5,10.8,0.084,-3.1,-1.7
641,9.9,2.9,0.8,1.5,0.2,0.027,-3.7,-0.1
642,11.8,2.2,2.6,0.4,8.2,0.074,-4.1,-2.9
643,25.2,7.1,2.7,3.6,12.1,0.052,-0.7,3.8
644,9.4,3,1.5,0.3,0.3,0.012,-4.6,-0.8
645,15.6,5.5,1,1.8,0.3,0.01,-2.9,-0.3
646,14.3,4,3.4,0.5,11.6,0.087,-3.8,-3
647,18.7,6.3,1.6,2.9,0.6,0.03,-2.4,-0.1
648,10.6,3,1.3,0.6,-0.1,-0.033,-4.2,-0.1
649,6.4,1.4,1.6,0.1,0.3,0.046,-3.7,-0.1
650,17.3,7.5,1.7,1.6,20,0.077,0,6.1
651,18.1,4.9,3.7,0.8,24.7,0.106,-0.9,3
652,7.3,3.2,0.7,0.2,-0.2,-0.025,-5,-0.3
653,15.2,4.6,2.9,0.5,0.9,0.019,-5.9,-2.3
654,,,,,,,,
655,6.3,1.4,2.1,0.1,1.2,0.095,-4.3,-0.3
656,32,19,3.8,2.1,55.9,0.134,2.2,21.4
657,14.2,4.6,2.3,1,15.4,0.114,-0.1,3.2
658,9.8,3,1.6,0.6,1.3,0.058,-4.3,-0.6
659,,,,,,,,
660,,,,,,,,
661,,,,,,,,
662,15.5,4.8,1.7,2.3,8.6,0.078,-1.2,1
663,4.5,1.2,0.6,0.1,0.1,0.055,-3,0
664,5.8,1.9,0.4,0.8,0.1,0.022,-4.9,-0.2
665,7,1,2,0,-0.2,-0.349,-18.2,-0.1
666,9.7,3,2.8,0.2,0,0.007,-7.9,-0.1
667,,,,,,,,
668,22.5,8.6,3.7,1.2,0.2,0.008,-4.5,-0.7
669,,,,,,,,
670,,,,,,,,
671,,,,,,,,
672,22.1,6.6,5.5,0.9,20.8,0.074,-2.4,-1.3
673,27.3,8.2,9,0.8,102.1,0.155,0.1,16.9
674,33.4,17,9.2,3.2,144.1,0.169,3.6,57.5
675,24.9,12.9,5.2,0.5,21.7,0.08,-2.4,-1.3
676,34.1,17.1,5,2.7,59.1,0.097,1.2,23.8
677,30.7,8.6,4.2,1.8,75.7,0.121,1.7,28.2
678,22.2,7.2,5.8,0.8,10.9,0.078,-0.4,2.8
679,14,2,3.7,0.4,12.8,0.073,-1.9,0.2
680,15.4,7.1,2.2,1.1,1.8,0.026,-2.2,-0.1
681,34.6,16,4,3.9,82.9,0.09,0.4,26.5
682,13.5,3.6,2.4,0.7,3,0.074,-1.1,0.4
683,21.9,8,3.8,1.4,26.5,0.079,-0.1,7.6
684,29,12.6,4,2,83,0.116,0.2,19.4
685,27.3,10.8,7.8,1.5,50.3,0.121,0.1,10.6
686,15,4.5,3.2,0.2,10.6,0.085,-2.3,-0.5
687,5,1.2,1,0.3,-0.5,-0.197,-13.3,-0.4
688,11.7,2.8,3.4,0.5,2,0.047,-4,-1
689,20.4,3.6,3.7,0.9,20.1,0.064,-3.7,-6.5
690,31,16.6,9.1,1.8,81.1,0.112,0.2,18.8
691,22.9,6.8,6,0.5,43.8,0.113,-1.4,2.9
692,5,1.2,0.7,0.7,-0.4,-0.166,-8.6,-0.2
693,12.9,2.5,2.3,0.8,0.7,0.032,-2.5,-0.1
694,6.5,2.2,0.6,0.2,-0.6,-0.039,-8,-1
695,18.9,6.5,1.7,3.8,2.1,0.047,-2.4,-0.2
696,29.7,11.9,5.8,2.1,59.7,0.116,1.8,23.5
697,24.4,7.7,7.8,0.5,51.3,0.114,-1.1,4.6
698,26.4,8.5,2.9,6.1,17.2,0.057,0,7.1
699,30.5,15.5,2.7,5.6,111.3,0.14,1.1,30.1
700,25.3,5.8,2.8,1.8,13.8,0.041,-2.9,-3.7
701,35.1,20.7,3.9,5.3,51.3,0.127,2.6,22.3
702,9.7,1.7,0.6,2.1,-0.1,-0.021,-2.7,0
703,13.8,5.1,1.1,2,0,0,-3.3,-0.5
704,13.9,3.4,2.7,0.7,1,0.025,-2.8,-0.4
705,13,3.1,2,0.8,7.6,0.054,-2.7,-1.2
706,8.7,2.8,1.4,0.7,-0.2,-0.038,-2.8,-0.1
707,9,2.8,1.3,0.5,-0.7,-0.1,-8.6,-0.6
708,29.1,13.5,7,1.7,54.7,0.142,1.1,14.5
709,,,,,,,,
710,22.2,6.4,2.3,4.4,19.2,0.047,-1.4,2.8
711,8.7,1.6,0.9,1,0,-0.001,-2.4,0
712,24.7,9,3.8,1.5,20.1,0.084,-0.7,3.6
713,,,,,,,,
714,,,,,,,,
715,12.2,4.5,2.1,0.7,1.1,0.096,-1.7,0
716,11.3,2.6,3.2,0.3,3.1,0.062,-2.5,-0.3
717,,,,,,,,
718,11.4,3.9,2.2,0.4,0.1,0.017,-3.4,-0.1
719,9.8,2,2,0,0,-0.002,-6.8,-0.2
720,6.3,1,1.3,0.1,0.2,0.027,-5.4,-0.2
721,7.2,2.5,1.7,0.2,0.8,0.074,-6.4,-0.6
722,,,,,,,,
723,15.8,3.9,2.9,0.8,15.7,0.088,-3.1,-2.5
724,14.2,4.3,1.3,2.3,-1.1,-0.051,-4.1,-0.6
725,,,,,,,,
726,,,,,,,,
727,5.5,1.1,1.6,0.1,0.1,0.034,-8.7,-0.2
728,,,,,,,,
729,32.5,19,9.2,1.6,65.9,0.2,3.2,20.7
730,26.1,9.5,2.6,4.7,0.8,0.02,-2,0
731,27.7,11.2,4.3,2.2,58.5,0.103,0.3,15.7
732,25.5,11,7.1,1.1,43.9,0.105,-1.2,4.3
733,11.3,2.9,1.8,0.7,-1.6,-0.039,-6.1,-2
734,21.4,9.4,1.4,1.9,0,0,-4.9,-1.6
735,26.2,11.3,6,1.8,73.3,0.139,1,18.8
736,19.9,8.2,4.9,0.7,26.9,0.103,-1.6,1.2
737,31,18.9,7.8,1.2,92.5,0.169,1.3,21.9
738,32.2,14.1,5,2.3,50.9,0.086,-0.2,12.6
739,21.6,4.8,4.1,1.3,13.1,0.046,-2.4,-1.5
740,16,5.3,3.2,0.7,4,0.032,-4,-3.1
741,9.6,3.5,1.5,0.2,0.5,0.026,-4.7,-0.6
742,24,7.5,2.2,2.3,16.5,0.077,-1,2.6
743,17.8,7.1,2.6,0.9,8.7,0.074,-1.6,0.6
744,18.6,6.1,2.4,1.5,5.7,0.059,-1.9,0.1
745,19.5,8.4,1.9,1.8,6.1,0.034,-2.1,-0.3
746,13.5,3.1,3.3,0.8,1,0.041,-3.8,-0.5
747,9.1,2.3,2.2,0.2,-0.4,-0.027,-8.1,-1.2
748,17.2,6.4,1.7,1,1.7,0.013,-3.2,-1.8
749,12.3,4.1,2.3,0.6,1.4,0.032,-2.7,-0.4
750,18.5,5.2,1.8,1.1,6.2,0.056,-2.2,-0.3
751,31,11.1,4.3,2.4,63.1,0.096,0.3,18
752,25.2,10,5.4,0.8,21.5,0.098,-2.6,-1.5
753,11.1,2.9,0.9,1.9,0.1,0.003,-3.2,-0.3
754,26.4,9.3,2.9,2.4,33.9,0.069,-0.9,6.7
755,12,3.9,1.2,0.4,-0.5,-0.03,-5.5,-0.8
756,15.4,5.8,1.4,2.5,5.9,0.061,-1.5,0.6
757,,,,,,,,
758,17.7,6.3,1.7,1.3,13,0.068,-1.4,1.4
759,7.5,1.2,1.6,0.4,0,-0.004,-6.1,-0.3
760,23.4,6.9,2.7,2.2,1,0.035,-2.4,-0.1
761,14.8,4.7,4.4,0.4,15.8,0.097,-2.3,-0.7
762,31.2,16.2,9.5,2.2,80.3,0.143,1.4,23.1
763,,,,,,,,
764,12.3,4.9,2.8,0.6,1.5,0.059,-2.9,-0.3
765,3.9,1.2,0.8,0.6,0,-0.011,-1.4,0
766,,,,,,,,
767,25.8,10.9,2.6,2.2,1.4,0.031,-2.3,-0.2
768,7.8,2.7,2.6,0.2,0.8,0.069,-7,-0.7
769,22.7,9.9,2.1,2.3,8.5,0.037,-2.2,-0.5
770,,,,,,,,
771,11.6,3.9,2.9,0.2,2.9,0.075,-4.6,-1.2
772,,,,,,,,
773,23.6,8.2,4.6,1.8,42.8,0.093,-0.1,10.7
774,8.8,2,3.4,0.4,1.4,0.106,-2.3,-0.1
775,6,4,1,0,0,-0.032,-0.5,0
776,,,,,,,,
777,18.6,6.9,3.4,1.2,15.9,0.083,-2.1,-0.2
778,,,,,,,,
779,,,,,,,,
780,21.3,7.5,2.4,0.8,20.8,0.058,-1.4,2.6
781,7.8,2.6,1.1,0.5,-0.3,-0.029,-5.7,-0.5
782,,,,,,,,
783,25.6,12,6.7,1.6,45.7,0.115,-0.7,6.4
784,2.8,0.5,0.3,0,0,0.15,-1.7,0
785,11,2.7,2.5,0.3,0.1,0.026,-6.2,-0.1
786,38.2,27.1,7.5,7.4,249.5,0.23,8.9,142.6
787,18.5,6,4.2,0.9,7.1,0.04,-2.4,-0.9
788,34.5,22.5,6.2,2.7,108.5,0.12,1.3,36.7
789,35.8,19.2,8.5,2,106,0.159,1.9,31.1
790,33.9,22,4.7,5.4,120.7,0.162,5,62.8
791,26.7,11.2,7.6,1.3,24.6,0.06,-1.9,0.4
792,30.7,10.9,2.9,4.8,52.5,0.093,0,13.3
793,27.7,11.2,3.1,5.8,16.9,0.068,-0.4,4.6
794,15.5,6.5,4.5,0.6,7.8,0.103,-2.7,-0.6
795,23.2,8.3,3.1,1.1,10.2,0.049,-2.5,-1.3
796,21.5,8.3,3.1,0.8,19.7,0.079,-0.9,3.2
797,20.4,5.9,5.2,1,44.5,0.115,-1.3,3.1
798,16,5.9,1.5,2.1,6.6,0.057,-2,-0.1
799,26.1,9.3,2.3,4.5,36,0.08,-0.6,7.5
800,8.5,1.7,0.7,0.7,-0.6,-0.049,-6.1,-0.6
801,5.7,1.8,0.7,0.7,-0.2,-0.326,-19.6,-0.2
802,10.3,4.3,2.1,0.6,1.1,0.035,-3.9,-0.7
803,28.2,13.6,6.4,2.2,85.9,0.141,1.7,27.6
804,15.7,4.9,1.8,0.9,7,0.038,-3.4,-3.1
805,15.7,5.4,1.7,0.8,9.9,0.048,-3.7,-4.1
806,27,8.6,4.4,3.5,51.6,0.086,0.1,15.5
807,10.7,3.8,1.3,1.1,1.5,0.046,-3.5,-0.6
808,20.9,8.5,3.2,0.8,16.5,0.061,-1.4,2.1
809,13.4,5.5,2.6,0.6,10.2,0.086,-1.6,0.5
810,22.8,8.1,3.6,1.7,22.5,0.093,0.5,7.2
811,4.5,2.1,1,0.2,0.1,0.051,-3.8,0
812,21.9,5.4,5.8,1,27.9,0.078,-1.9,0.6
813,21.6,10.6,2,2.1,37.4,0.098,-0.2,8.6
814,30.3,14.3,5.7,1.6,38,0.119,0.6,10
815,9.9,3.4,2.2,0.3,-0.2,-0.014,-7,-0.8
816,17.8,6.7,1.7,0.8,10.3,0.055,-2.6,-1.3
817,17.2,4.7,2.8,2.3,13.5,0.067,-1,2.5
818,2.5,1,0.5,0,0,-0.117,-5.2,0
819,,,,,,,,
820,,,,,,,,
821,,,,,,,,
822,12.4,3,1.7,0.5,0.2,0.019,-6.2,-0.5
823,23.9,6.5,2.1,4,29.1,0.067,-1.2,4.2
824,3,0,0,0,0,-0.371,-26.2,0
825,16,2,2,3.5,0,0.004,-10.4,-0.1
826,20.2,8.3,1.8,1.4,12.9,0.042,-2.7,-2.7
827,20.3,6.8,5.8,1.3,52.7,0.114,-1.5,2.9
828,21.6,6.3,2.7,1.3,20.4,0.068,-1.5,1.9
829,,,,,,,,
830,16.9,5.8,3,0.7,38.5,0.138,1,10.1
831,,,,,,,,
832,29.2,13.2,2.8,4.9,40,0.08,-0.3,10
833,5,1,1,0.2,0.1,0.047,-6.4,-0.1
834,15.7,5.2,1.8,0.5,25.2,0.109,-0.1,5.4
835,,,,,,,,
836,25.3,9.7,3,1.7,73.4,0.113,0.6,20.7
837,,,,,,,,
838,,,,,,,,
839,,,,,,,,
840,,,,,,,,
841,9.4,3.3,2.8,0.3,0.7,0.055,-3.7,-0.3
842,,,,,,,,
843,6.2,1.3,0.6,0.1,-0.2,-0.143,-14,-0.2
844,31.8,15.7,11.8,1.3,141.7,0.172,1.9,39
845,30.9,12,9.7,0.8,45.3,0.114,-0.6,6.8
846,27.4,14.9,2.5,2.5,33.3,0.078,-0.3,8.7
847,20.6,6.3,2.4,3,29.9,0.084,-1,4.3
848,24.3,10.8,2.2,3.9,54.9,0.11,0.6,15.5
849,26.7,9.1,4.7,1.6,25.7,0.118,0.8,7.4
850,34.3,14.8,6.1,2.3,74,0.115,0.9,22.9
851,11.4,2.8,2.8,0.3,-0.4,-0.013,-7.2,-2.1
852,32.2,11.4,4.9,4.2,100.3,0.122,2.2,41.3
853,9.9,3.5,1.2,0.8,0.2,0.01,-3.7,-0.3
854,21.6,6.3,7,0.9,30.7,0.132,-0.4,4.6
855,15.5,4.3,3.9,0.2,1.7,0.054,-3.8,-0.7
856,21.5,7.4,1.6,3.5,5,0.02,-3.4,-4.2
857,17.8,6.7,5.4,0.7,30.3,0.102,-1.7,1.2
858,28.7,15.7,8.4,1.5,71,0.13,1.2,21.3
859,16.8,6.3,2.3,1.1,4.5,0.061,-1.2,0.7
860,32.4,14.5,7.4,3.1,51,0.084,1.7,27.2
861,26.9,12.4,3.1,2.1,46.3,0.084,0.2,14.7
862,22.4,8.4,3.8,1.5,25.9,0.101,0.9,9.1
863,27.9,11.3,3,5.1,48.3,0.094,-0.1,11.6
864,4.7,0.7,1.5,0,-0.1,-0.163,-15,-0.1
865,16.4,4.5,3.4,1,2,0.041,-3.5,-0.9
866,13.2,3,2,0.7,-0.2,-0.025,-5.3,-0.3
867,27.4,9.7,2.9,3.6,24.5,0.099,0.9,8.7
868,22,8.1,3.5,1.3,38.7,0.103,0.3,10.4
869,30.2,17.4,3.2,1.9,61.3,0.137,1,16.1
870,15.3,5.3,1.9,1.3,16,0.086,-1,2.3
871,21.9,8.4,2.1,3.4,31.4,0.083,-0.9,4.9
872,14.2,5,2.9,0.2,3.2,0.057,-4.4,-1.7
873,23.9,7.2,7.2,1.2,46.4,0.148,0.3,8.8
874,12.8,3.3,3,0.6,0,0.001,-5.1,-0.9
875,3.3,1.8,0.7,0,0,-0.108,-10,0
876,12,3.1,0.9,1.4,-0.2,-0.025,-5.3,-0.4
877,9.2,2.7,1.1,0.8,0.5,0.043,-3.2,-0.2
878,5.2,1.4,0.6,0.1,0.1,0.04,-5.5,-0.1
879,9.7,2.3,0.6,1.3,0.1,0.004,-5,-0.6
880,12.5,3.3,1.1,1,4.5,0.035,-3.8,-2.7
881,25.6,6.5,2.3,4.4,25,0.077,-1.2,3.2
882,,,,,,,,
883,10.6,3.5,1.4,0.5,0.5,0.016,-5.9,-1.4
884,,,,,,,,
885,,,,,,,,
886,29.5,10.4,4.8,2.1,64.3,0.094,0.6,21.8
887,,,,,,,,
888,14.9,4.5,2.5,1,2,0.049,-2,0
889,6.9,1.5,1.5,0.1,-0.2,-0.029,-8.8,-0.5
890,11.6,2.9,2.8,0.2,0.8,0.044,-5.7,-0.8
891,,,,,,,,
892,,,,,,,,
893,8.8,2.7,0.7,0.9,-0.1,-0.01,-5.9,-0.3
894,,,,,,,,
895,,,,,,,,
896,14,3.2,2,0.6,-0.6,-0.047,-6,-0.6
897,,,,,,,,
898,4.8,2.2,0.2,0.7,0,-0.02,-4.8,0
899,,,,,,,,
900,,,,,,,,
901,,,,,,,,
902,,,,,,,,
903,28.1,9.6,8.7,2.2,50.6,0.122,1.2,16
904,28.1,10.2,5.2,1.3,65.1,0.104,-0.4,12.3
905,34.2,16.3,3.1,8.1,77.3,0.129,1.9,28.3
906,34.5,18.1,4.5,9.5,198.9,0.239,7.3,93.7
907,29.7,11.2,3,5.2,40.2,0.067,-0.6,10.1
908,24,8.7,3.1,1,24.7,0.085,-0.8,4.3
909,20.7,10.4,4.6,0.8,22.6,0.08,-0.6,4.7
910,22.2,8.7,4.5,1,38.9,0.094,-0.4,8
911,12.4,6,3.1,0.3,6.5,0.112,-3,-0.7
912,25.6,11.5,7.7,1.2,37.4,0.168,1.4,9.1
913,,,,,,,,
914,4.9,1.1,0.5,0.4,-0.1,-0.024,-5.2,-0.1
915,15.7,6.9,4,1,2.6,0.068,-1.7,0.2
916,20.2,10,2,1.3,3.6,0.035,-1.7,0.4
917,19.2,5.4,2.3,1,3.1,0.026,-3.7,-2.4
918,16.2,5.9,2.8,0.5,7.8,0.061,-3.6,-2.4
919,31.5,16.8,4.9,1.9,48.5,0.126,1.8,17.7
920,19.8,9.7,2.5,0.9,18.4,0.068,-1.3,2.4
921,20.2,9.4,4,0.8,20.4,0.092,-1.9,0.4
922,4.3,1.2,0.7,0.8,0,0.003,-3.7,0
923,22.5,11,2.3,3,27.8,0.096,0.5,8.6
924,27.8,10.8,2.9,4.6,36.8,0.073,-0.9,6.5
925,21.6,7.9,2.6,1.4,18.2,0.074,-0.1,5.7
926,22.4,8.2,2.4,2.1,14.7,0.09,0.1,4.2
927,15.4,4.7,3.9,0.5,5.5,0.037,-4.6,-4.6
928,18.4,5.6,4.2,0.4,20.3,0.086,-2.5,-1.4
929,20,8.7,3.6,0.8,13.6,0.08,-2.3,-0.7
930,16.8,5.2,4.4,0.6,26.1,0.121,-2,0.1
931,9.9,3.3,1.9,0.2,0.9,0.083,-4.4,-0.3
932,29.3,13.5,8.8,2.2,76,0.15,1.1,19.2
933,17,8,1.4,1,2.2,0.04,-2.9,-0.6
934,13.3,3.4,1.2,1.4,0.8,0.024,-3,-0.4
935,21.6,8.7,4.5,0.8,42.8,0.125,-0.8,5.1
936,20.4,9.6,2.4,1.1,30.1,0.084,-0.4,6.9
937,,,,,,,,
938,23,10.1,5.6,1.1,48.8,0.124,-0.1,9
939,17,4.7,3.7,1.3,19.2,0.115,0.3,4.7
940,14.9,4.8,1.4,2.4,5.6,0.102,-0.4,1.1
941,12.4,5.3,1.2,0.7,3.3,0.064,-1.8,0.1
942,34.8,17.8,3.5,4.6,41.9,0.069,-0.3,12.4
943,11.6,4,0.9,1.9,-0.2,-0.007,-4.3,-0.6
944,8.5,2.8,2.1,0.1,0.5,0.155,-0.7,0
945,1.2,0,0.2,0,-0.2,-1.264,-52,-0.1
946,1.5,0,0.7,0,0,0.155,5.2,0
947,24.1,13.9,2.2,3.4,65.7,0.116,1.4,23.2
948,,,,,,,,
949,12.5,5,1.5,0.8,0.5,0.068,-1.6,0
950,16.2,4.6,2.3,0.8,3,0.062,-2.1,0
951,22.1,10.1,5.4,1.4,19.2,0.074,-0.8,3.8
952,27.6,10.1,4.6,1.5,19.4,0.069,-1.6,1.4
953,9.2,2.1,1.9,0.7,0,0.004,-5.1,-0.2
954,,,,,,,,
955,11.9,2.5,1.5,1.2,-0.7,-0.022,-4.6,-1
956,5.8,2.8,1.2,0.2,0.2,0.102,-0.5,0
957,13.2,3.8,3.6,0.4,2.5,0.106,-1.9,0
958,21.1,7,5.4,1.2,55.3,0.145,0.3,10.6
959,25.7,9.9,7.9,1.1,61.3,0.142,0.4,12.7
960,3.6,1.9,0.7,0.1,0.1,0.042,-5.6,-0.1
961,,,,,,,,
962,7.8,2.7,1,0.5,-0.2,-0.043,-5.3,-0.2
963,28.7,14.3,4.6,1.2,18.9,0.057,-1.6,1.5
964,33.7,19.1,8.1,1.9,115.7,0.153,1.7,33.4
965,20.4,7.5,2.1,1.4,-1.4,-0.021,-5,-2.4
966,19.7,7.7,4.8,0.9,13,0.078,-1.2,1.7
967,15.5,4.5,4.3,0.5,9.9,0.085,-3,-1.5
968,35.5,18.8,4.3,4.7,37.4,0.155,3.6,16.3
969,25.6,10.3,2.2,2.8,23.5,0.058,-1.2,3.8
970,31.7,16.3,5.8,2.1,60.7,0.086,0.7,22.8
971,5.8,2.1,1.4,0.3,0.5,0.046,-4.6,-0.3
972,5.5,2.2,1.6,0,0.3,0.052,-5.1,-0.2
973,25.5,12.8,2,2,63.7,0.128,0.6,16
974,11.6,3,2.6,0.3,3.9,0.055,-4.1,-1.8
975,21.9,5.7,3.7,1.4,39.3,0.099,0.6,12.4
976,23,7.8,2.8,1.6,30.4,0.127,1.6,10.6
977,9.4,2.2,1.9,0.2,0.1,0.005,-5,-0.5
978,15.4,5.9,2,0.4,6.2,0.064,-1.6,0.5
979,17.1,5.6,3,0.7,6.7,0.06,-2.2,-0.3
980,9.4,3.9,2.4,0.2,0.5,0.025,-4.8,-0.7
981,10.7,4.1,1.1,0.7,0,0,-3.5,-0.6
982,13.9,4,3.5,0.6,7.2,0.113,0.1,1.6
983,29.9,9.8,4.5,7.9,61.8,0.104,1.2,23.2
984,15.2,5.6,1.8,2.8,0,-0.001,-3.3,-1
985,17.5,5.2,4.9,0.5,9.1,0.097,-2,0
986,31.9,14.8,4.4,6.3,104.6,0.154,3.1,41.8
987,18,7.6,1.9,1.1,9.2,0.06,-1.5,1
988,19.5,7.7,1.9,2.9,13.9,0.068,-0.5,3.7
989,15,4.9,1.5,3.4,4.3,0.039,-2,0.1
990,6.2,2.1,0.6,0.2,-0.9,-0.089,-9.4,-0.9
991,14.7,3.9,1.8,1.7,-1.6,-0.027,-4.4,-1.7
992,12.1,3.2,3.4,0.4,3.2,0.084,-3.3,-0.6
993,8.7,2.7,1,0.5,0.8,0.062,-3.2,-0.2
994,12.1,4.7,1.3,0.3,14.5,0.123,0.8,4
995,11,3,2.3,0.4,5,0.078,-4,-1.6
996,8.6,2.6,1.9,0.4,0.5,0.035,-4.2,-0.4
997,29,7.1,5.6,1.5,40,0.085,-0.7,7.2
998,16.9,7.6,3.9,0.8,16,0.113,-1.2,1.4
999,9.5,3.2,1.6,0.5,1.1,0.06,-4.1,-0.5
1000,5.4,1.4,1.9,0.1,0,0.06,-5.9,0
1001,11.6,2.7,1.8,1,0.4,0.024,-3.1,-0.2
1002,,,,,,,,
1003,5.8,1.6,1.2,0.1,0.3,0.101,-2.7,0
1004,23.5,7.8,2,2,16,0.082,-1,2.4
1005,6.6,1.9,0.7,0.3,0.2,0.056,-3,0
1006,,,,,,,,
1007,12.8,4.3,2.7,0.3,1.5,0.056,-4.6,-0.9
1008,10.5,2.1,1,1.8,0.1,0.008,-3,-0.2
1009,28.1,13.4,7.1,2.2,95.4,0.15,1.9,29.9
1010,,,,,,,,
1011,13.9,6.2,3.8,0.3,12,0.174,-1.6,0.3
1012,11.8,3.7,2.2,0.3,10.4,0.081,-4.1,-3.2
1013,5.2,1,1.4,0,-0.1,-0.056,-9.1,-0.2
1014,3,0.8,0.3,0.2,0,0.033,-2.9,0
1015,,,,,,,,
1016,7.5,2.5,1.2,0.2,0.8,0.072,-2.3,0
1017,,,,,,,,
1018,,,,,,,,
1019,,,,,,,,
1020,,,,,,,,
1021,5.7,1.7,1,0.2,-0.2,-0.07,-8.5,-0.3
1022,11.9,1.8,1.1,1.2,-0.1,-0.032,-5.8,-0.2
1023,19.3,8,6.2,0.5,7.3,0.174,-0.4,0.8
1024,36.8,27.2,7.1,4.3,155.2,0.216,6.8,76.4
1025,32.2,13.7,8.2,3.3,100.3,0.157,2.9,37.9
1026,32,14.8,3,5.6,86.8,0.136,2.5,34.8
1027,29,12.6,4.3,1.5,50.3,0.079,-1.4,4.8
1028,22.2,7.9,4.9,0.7,3.1,0.025,-4.3,-3.5
1029,22.9,8.7,2.8,1.5,22.5,0.058,-1.6,2
1030,16.2,7,3.6,0.5,26.2,0.181,2.3,7.5
1031,27.7,8.8,9,2.8,61.9,0.159,2.5,20.9
1032,22.7,8.7,5.7,1.9,22.6,0.07,-1.1,3.4
1033,12.7,3.9,1,1.6,1.6,0.032,-3.9,-1.1
1034,29.3,12.8,5.8,1.8,68.9,0.104,0.5,20
1035,13.2,3.9,2.3,0.8,3.9,0.061,-0.5,1.2
1036,28,11.9,4.2,1.2,6.1,0.035,-3.5,-3.2
1037,27.5,12.6,2.9,3.6,28.7,0.077,-0.9,4.9
1038,22.8,11.4,2,1,18.6,0.054,-2.2,-0.8
1039,14.4,4.2,3.4,0.3,3,0.073,-3.1,-0.6
1040,22.7,9.7,2.1,1.7,30.5,0.075,-1.3,3.3
1041,16.4,5.3,2.4,1.8,0.1,0.002,-4.2,-1
1042,16.3,6.1,3.4,0.7,14.1,0.067,-2.9,-2.4
1043,18.3,6.4,2.1,0.7,4.9,0.039,-2.7,-1.1
1044,22.3,7.3,3.2,1.5,43,0.103,0.2,11
1045,30,12.5,5.3,1.8,29,0.069,-1.3,3.5
1046,24,9.1,2.4,2.2,14.2,0.114,1.7,5.6
1047,9.5,3.1,1.2,0.3,0,0.005,-6.1,-0.4
1048,20.8,9.7,1.7,3,19.2,0.069,-1.2,2.7
1049,27.3,10.8,2.9,1.8,33.5,0.077,-1.5,2.4
1050,19.2,7.9,5,1.2,25.3,0.178,1.1,5.4
1051,8.4,4.1,1,0.3,0.4,0.045,-4.5,-0.3
1052,,,,,,,,
1053,22.5,10.8,4.9,0.7,35.9,0.149,-0.3,5
1054,7.4,2,0.8,0.8,0.4,0.043,-2.8,-0.1
1055,3,1.1,0.9,0.2,-0.1,-0.084,-5.4,0
1056,10.3,4.1,3.4,0.4,0.8,0.148,0.5,0.2
1057,21.1,8,4.4,0.9,18.6,0.082,-2.6,-1.7
1058,8.3,3.1,1.8,0.3,0,0,-5.2,-0.3
1059,19.1,5.4,3.9,2.1,18.5,0.107,0.3,4.7
1060,8.2,2.3,2,0.3,0.9,0.038,-5.7,-1.1
1061,,,,,,,,
1062,2.8,0.6,0,0.2,-0.1,-0.226,-19.4,-0.1
1063,11.1,1.9,2.8,0.4,0.7,0.045,-5.7,-0.7
1064,18.5,5,5.5,0.5,0.1,0.147,-4.7,0
1065,,,,,,,,
1066,,,,,,,,
1067,,,,,,,,
1068,18.9,5.2,3.3,0.2,0.3,0.041,-4.4,-0.2
1069,15.6,2.7,3.4,1.2,4.1,0.037,-2.1,-0.1
1070,32.2,14,7.4,3.4,85.3,0.143,3.1,36.5
1071,12.1,3.4,3.7,0.7,6.2,0.077,-3.6,-1.5
1072,,,,,,,,
1073,0,0,0,0,0,,,0
1074,4.4,1.6,0.6,0.6,-0.1,-0.066,-7.5,-0.1
1075,3.2,1.2,0.4,0.1,-0.2,-0.203,-10.3,-0.1
1076,,,,,,,,
1077,,,,,,,,
1078,23.3,10.3,2.7,4.1,28.8,0.086,-0.7,5.2
1079,,,,,,,,
1080,,,,,,,,
1081,8.2,2.2,0.8,0.9,-0.2,-0.031,-5.6,-0.2
1082,,,,,,,,
1083,31.7,18.2,3.3,5.4,44.2,0.1,1.4,18.5
1084,22.8,12.4,4.7,1.3,15.6,0.054,-1.7,0.9
1085,30.9,13.8,3.1,2.9,21.8,0.062,-0.9,4.7
1086,34.7,22.8,7.4,8.4,106.5,0.144,4.3,55.8
1087,30.9,17.6,10.7,2.4,88.6,0.17,3.4,34
1088,29.9,15.6,4.8,1.9,64.1,0.141,1.8,20.8
1089,32.4,16.4,2.4,2.8,36.3,0.072,-0.6,8.7
1090,11.1,4.2,1.8,0.7,0.5,0.03,-3.6,-0.3
1091,23.4,9.5,1.8,3.9,47.7,0.1,-0.7,7.6
1092,30.2,16.4,6.2,1.4,71.5,0.131,1.3,21.7
1093,21.3,8.4,2.1,2.9,18.6,0.072,-1.6,1.1
1094,25.2,8.9,6.6,1.1,23.8,0.077,-2.6,-2.4
1095,22,6.8,2.9,1,11.2,0.051,-1.4,1.6
1096,15.2,7.1,4.3,0.7,5.8,0.072,-1.6,0.4
1097,21.9,8.7,4.9,0.8,49,0.114,-1.1,4.7
1098,15.1,7.9,4.1,0.7,25.8,0.116,-2.2,-0.6
1099,24.8,10,6.3,1.3,35.9,0.105,-1.1,3.5
1100,17,8,5.3,0.4,42.4,0.146,0.1,7.4
1101,22.3,9.5,6.8,0.8,21.9,0.088,-1.8,0.5
1102,13.3,5.3,3.9,0.5,7.5,0.093,-2.8,-0.8
1103,25.8,12.3,5.3,0.9,46.7,0.134,1,12.8
1104,27.1,9.6,2.6,1.7,39.3,0.086,-0.6,7.9
1105,16.4,5.7,5,0.5,28.3,0.12,-1.3,2
1106,27.6,12.1,7.2,0.8,72.8,0.14,0.5,15.8
1107,30.6,11.1,5.1,3.5,63.5,0.109,1.7,26.1
1108,27.2,10.7,3,3.1,69.1,0.14,1.2,19.3
1109,17.8,6.5,3.5,0.8,12.3,0.066,-2.2,-0.4
1110,16.8,6.1,2.4,0.7,1.5,0.017,-2.8,-0.9
1111,15.3,5.9,3.2,0.6,3.8,0.087,-2.1,0
1112,6.5,1.9,1.4,0.3,0.1,0.027,-4.3,-0.1
1113,24.9,12.6,6.7,0.7,18.8,0.134,-0.7,2.2
1114,2.5,1,0.4,0,-0.1,-0.131,-10.1,0
1115,11.4,2.6,3.9,0.4,2.9,0.092,-2.7,-0.3
1116,26.7,8.9,2.5,3.7,32.3,0.09,-0.6,5.9
1117,26.7,9.1,10.3,1,94.4,0.173,1.3,21.9
1118,19.6,5.3,7.1,0.6,20.9,0.109,-1.9,0.1
1119,23.3,6.4,4.1,0.9,26,0.078,-1.5,2
1120,18.9,5,2.2,1.6,1.5,0.051,-1.1,0.3
1121,18.2,6.5,2.2,1.4,0,0.001,-4.2,-1.8
1122,19.7,7.1,2.1,1.1,5.4,0.059,-2.2,-0.2
1123,9.6,2.8,2.4,0.5,0.2,0.02,-4.4,-0.3
1124,8.2,2.4,0.9,0.8,0,0.006,-5.1,-0.2
1125,2.7,0.4,0.3,0.3,-0.1,-0.158,-9.1,0
1126,,,,,,,,
1127,27.9,13.7,3.1,4.8,56.3,0.109,0.6,16.3
1128,,,,,,,,
1129,16.7,6,2.2,0.8,5,0.079,-1.8,0.2
1130,7.6,2.4,1.2,0.5,0.8,0.086,-2,0
1131,,,,,,,,
1132,,,,,,,,
1133,,,,,,,,
1134,7.5,2.2,1.5,0.2,1.3,0.059,-5.2,-0.8
1135,,,,,,,,
1136,,,,,,,,
1137,15.1,5.7,1.7,2.1,-0.4,-0.028,-5.2,-0.6
1138,3.8,0.9,1,0.1,0.2,0.096,-2.8,0
1139,,,,,,,,
1140,11.5,4.5,2,0.5,0,0.037,-2.7,0
1141,,,,,,,,
1142,13.4,3.8,2.8,0.4,1.8,0.094,-3.6,-0.4
1143,32.9,19.8,8.2,4.1,79.3,0.16,3.4,32.5
1144,10.5,2.2,2.7,0.1,4.8,0.099,-2.7,-0.4
1145,34.6,24.9,5.6,6.8,149.6,0.22,6.8,72
1146,30.7,15.7,4.6,4.8,28.4,0.075,0.8,13.1
1147,30.3,11.1,4.2,7.6,41.6,0.099,0.6,13.4
1148,22.9,9.2,1.9,3.9,-1.1,-0.015,-4,-1.9
1149,34.3,24.3,4.6,6.5,120.2,0.203,6.5,60.9
1150,18.8,7.9,5.8,0.8,16.4,0.102,-2,0
1151,34.3,20.8,4.4,3.9,83.7,0.123,0.7,22.6
1152,30.3,14.1,3,5.7,29.9,0.085,0.8,11.8
1153,19.1,7.1,3.6,2.4,-0.2,-0.004,-2.8,-0.6
1154,25.9,11.2,3.2,1.9,18.3,0.063,-1.8,0.6
1155,16.9,6.7,4.2,0.4,20.2,0.134,-2,0
1156,13.9,4.4,3,0.5,2.9,0.038,-2.8,-0.8
1157,14.1,5.2,2.6,0.7,4.5,0.053,-2,0
1158,20.5,7.7,3.6,2.1,27.5,0.086,0.5,9.5
1159,33.2,16.2,4,6.4,56.4,0.097,1.5,24.6
1160,29.2,12.7,2.7,6,42.1,0.126,1.4,13.6
1161,26.8,12.2,2.4,5.6,52.4,0.113,0.6,14.3
1162,14.6,4.3,1.3,2.8,3.3,0.041,-2.9,-0.8
1163,29.3,12.5,2.7,5,49.9,0.115,0.5,13.4
1164,13.4,3.2,2.2,0.7,0.2,0.011,-3.6,-0.4
1165,20.3,7.9,4,1.1,19.6,0.078,-0.8,3.5
1166,18.2,7.4,4.2,0.8,0.6,0.008,-4,-1.8
1167,15.9,7.1,1.9,2.1,4.8,0.079,-0.1,1.4
1168,24.5,9,6.1,1,58.9,0.129,-0.7,7.1
1169,23.7,8.9,4.2,1.3,29.5,0.104,0,6.7
1170,20.9,8,2.1,1.1,21.1,0.063,-1.5,2.2
1171,19.1,7.6,2.2,2.3,12.1,0.077,-0.8,2.2
1172,20.6,6.3,2.7,0.8,-0.4,-0.02,-4.2,-0.6
1173,9.8,2.9,2.7,0.4,6.3,0.131,-2.3,-0.2
1174,12.1,5.4,1.7,0.7,0.2,0.014,-3.7,-0.3
1175,20.8,5.8,3.7,0.7,24.9,0.08,-1.7,1.1
1176,,,,,,,,
1177,9.9,3.3,1,0.3,-0.1,-0.008,-5.8,-0.8
1178,15.9,5.8,2.3,0.7,5.2,0.063,-2.1,-0.1
1179,16.6,6.8,5.1,0.8,19,0.129,-1.2,1.4
1180,10.5,2.1,3.1,0.3,3.7,0.113,-3.9,-0.8
1181,17.8,6.2,4,0.8,25.8,0.109,-1,2.9
1182,14.9,5.2,2.4,0.7,4.5,0.085,-1.3,0.4
1183,22.5,9.3,2.1,1.1,24.3,0.096,-0.6,4.2
1184,27.4,8.8,4.3,3.5,34.5,0.115,1.1,11.4
1185,23.4,11.9,2.8,1.4,20,0.085,0.2,6.2
1186,19.7,7.9,3,1.2,13.9,0.083,-0.5,2.9
1187,15.6,4.6,1.9,2.7,2.6,0.063,-0.5,0.8
1188,25.3,8.7,3.4,1.6,49.1,0.114,1.9,20.2
1189,,,,,,,,
1190,4,1.3,0.3,0.1,0,-0.039,-8.1,-0.1
1191,,,,,,,,
1192,,,,,,,,
1193,,,,,,,,
1194,15.1,5.8,1.4,2.2,4.7,0.058,-1.3,0.7
1195,11.9,3.8,1.8,1.7,2.4,0.081,-0.7,0.5
1196,,,,,,,,
1197,20.7,9.2,1.7,2.3,35.3,0.1,0.1,9
1198,,,,,,,,
1199,,,,,,,,
1200,10.4,4.7,1.4,1.2,0.2,0.016,-2.1,0
1201,,,,,,,,
1202,,,,,,,,
1203,35.6,19.1,4.3,9.1,44.1,0.097,2.4,24
1204,26.9,9.7,4.6,3.5,20.2,0.051,-1.9,0.5
1205,24.3,10.6,7.1,1.1,60.2,0.15,0.9,14
1206,22.1,7,3.2,1.1,10.7,0.038,-1.6,1.2
1207,29.8,19.6,10.2,3,46.8,0.115,2.4,21.6
1208,14.8,3.5,2.9,0.7,10.4,0.088,-1.4,0.8
1209,27.4,13,8.2,2.1,50.4,0.137,1.4,15.3
1210,24.9,7.5,6,1.2,27.6,0.075,-0.6,6.5
1211,31.1,15.6,4.5,3.5,60.1,0.126,2,22.8
1212,33.6,20.4,6.4,3.6,76.6,0.149,4.1,38
1213,10,3.1,3.3,0.5,9.6,0.135,0.1,1.8
1214,15.7,5.7,1.9,0.6,0.8,0.013,-4.4,-1.7
1215,19.1,5.9,6.4,0.7,43.3,0.151,-0.2,6.2
1216,20.8,6.7,3.9,1,31.9,0.102,0,7.4
1217,19.5,6.4,5.7,0.7,10.3,0.107,-1.1,1.1
1218,14,4.8,2.2,0.6,7.2,0.065,-2.1,-0.1
1219,15.2,5.9,3.5,0.6,5.9,0.044,-4.3,-3.6
1220,27.8,13.7,3.9,4.7,46.1,0.105,1.6,18.8
1221,27.5,11,2.8,1.7,17.2,0.045,-2.4,-1.8
1222,17.5,5.8,2.3,1.2,3.3,0.037,-2.7,-0.8
1223,7.1,1.8,1.1,0.5,-0.2,-0.089,-9.9,-0.2
1224,13.5,4.9,1.5,0.9,0.7,0.024,-4.9,-1.1
1225,20.4,6.9,5.5,1.1,26.2,0.116,-0.5,4.2
1226,16,3.8,3.4,0.7,0,-0.001,-3.7,-0.3
1227,9.3,3.1,1.4,1.8,0.3,0.017,-2.4,-0.1
1228,15.6,4.5,1.8,0.7,9.7,0.084,-1.8,0.3
1229,24.4,12.2,2.5,3.1,6.3,0.044,-1.3,1.3
1230,23.7,9,2.5,4.8,12.6,0.064,-1.2,1.8
1231,10.6,2.8,2.5,0.5,1,0.093,-3.5,-0.2
1232,8.2,2.9,1.3,0.5,0.2,0.02,-4.2,-0.3
1233,6.8,2,1.3,0.2,-0.1,-0.041,-11.6,-0.2
1234,6.9,2.3,1.8,0.2,0.5,0.068,-7.7,-0.5
1235,24.7,12.6,10.8,0.6,52,0.197,2.5,14.5
1236,8.5,3.3,1,1.2,-0.1,-0.015,-4.1,-0.2
1237,20.4,7.6,4.6,1.8,20,0.104,0.3,5.4
1238,,,,,,,,
1239,7.8,0.8,0.6,1.2,-0.2,-0.225,-13,-0.1
1240,4.8,1.6,0.2,0.6,-0.2,-0.314,-13.2,-0.1
1241,23.6,6.8,4.3,1.6,10.5,0.084,-0.3,2.6
1242,22.9,8.6,4.1,2.9,17.5,0.066,-1.3,2.3
1243,10.7,2.9,1.9,0.4,0.7,0.089,-3.3,-0.1
1244,,,,,,,,
1245,11.3,3.6,1.9,0.4,0.5,0.035,-4.8,-0.5
1246,7.6,2.8,2,0.3,1.7,0.168,-1,0.1
1247,,,,,,,,
1248,2,0,0,0,0,-0.009,-15,0
1249,,,,,,,,
1250,,,,,,,,
1251,,,,,,,,
1252,7,1.5,2.3,0.2,0,0.01,-4.4,-0.1
1253,,,,,,,,
1254,12.4,3.6,2.8,0.5,0.9,0.048,-3.5,-0.3
1255,7,2.3,1,0.7,0,-0.047,-6,0
1256,7.1,1.9,0.6,1.4,0.2,0.065,-2.7,0
1257,10.5,3.5,2.6,0.4,8.2,0.15,0.9,1.9
1258,4.8,0.6,0.8,0.1,0,0.013,-7.3,-0.2
1259,3.4,1.6,0.4,0,0.1,0.142,-2,0
1260,5.2,2,1,0.2,0.3,0.057,-7.1,-0.3
1261,,,,,,,,
1262,,,,,,,,
1263,34,23.1,3.8,5.7,72,0.166,4.5,34.2
1264,20.7,8.9,4,0.7,14.1,0.076,-1.6,0.8
1265,21.5,11.2,7.8,0.9,52.8,0.157,-0.1,7.6
1266,26.8,9,8.4,1,47.6,0.117,-1.7,1.4
1267,26.1,13.4,9.5,1.2,67.4,0.178,1.1,14.3
1268,15.2,3.6,3.5,0.6,4,0.078,-2.6,-0.4
1269,19.9,5.2,6.1,0.6,29.4,0.096,-2.6,-2.2
1270,29.3,14,3.1,3.9,11.6,0.042,-1.6,1.4
1271,33.3,19.5,3.8,5.3,59.6,0.116,2.8,29.8
1272,13.3,6,1,1.4,2.2,0.033,-2.5,-0.4
1273,32.9,19.5,3.5,2.3,48.5,0.11,0.8,14.9
1274,23,10.6,3.5,2,26,0.087,-0.5,5.3
1275,24.8,10.9,5.2,1.6,27.1,0.073,-1.4,2.8
1276,27.1,12.4,4.6,1.5,36.4,0.09,-0.5,7.1
1277,31.3,19.2,6.4,2.9,83.3,0.222,6.9,40.4
1278,30.9,16.9,10.4,2.7,58.9,0.124,2.2,24.3
1279,24.9,7.2,3.3,1.8,12.9,0.054,-1.7,0.9
1280,17.6,4.1,3.2,0.6,2.3,0.042,-3.2,-0.8
1281,31.4,16.4,6.2,2.3,58.4,0.119,1.1,18.3
1282,18.2,7.3,3.8,1.1,7.1,0.075,-2.5,-0.5
1283,9.9,3.3,1,1.2,-0.8,-0.047,-6,-0.8
1284,24.5,11.4,8.1,1,38.8,0.159,0.5,7.5
1285,24.2,12.3,5.9,1.3,20.8,0.129,1.6,7.1
1286,25.6,13.1,3,4.3,33.5,0.089,0,9.1
1287,17.3,8,2.1,1.4,3.3,0.046,-1.6,0.4
1288,13.9,5.9,2.8,0.8,3,0.069,-0.1,1
1289,8.3,3.2,1.6,0.2,0.2,0.032,-3.9,-0.1
1290,22.3,7,2,2.7,3,0.018,-4.1,-4.1
1291,22.2,7.1,2.6,3,28.7,0.085,-1.1,3.9
1292,33.1,17.7,5.3,4.1,93.6,0.196,4.7,38.3
1293,29.1,15,3.6,1.6,33,0.09,-0.9,4.8
1294,6.8,2,0.8,0.2,-0.3,-0.093,-8.7,-0.2
1295,21.9,6.5,2.9,0.8,10,0.062,-2.5,-0.9
1296,18.4,6.6,2,3.1,10.3,0.059,-1.9,0.1
1297,5,1.2,1,0.4,-0.1,-0.049,-5.1,-0.1
1298,14.8,4.6,3.6,0.3,1.3,0.101,-2.1,0
1299,5,2.4,1,0.1,0,0.004,-5.7,-0.1
1300,30.1,12.7,4.5,2.7,28.9,0.105,1.1,10.2
1301,9.9,3.6,2.6,0.2,0.3,0.014,-7,-1.3
1302,15.8,6.4,3.8,0.8,13.2,0.107,-0.7,2
1303,11.1,3.3,1,1.4,-0.3,-0.01,-5.1,-1.2
1304,19.1,8.2,2.7,1,16.8,0.11,0.4,4.5
1305,14.8,3.9,1.8,1.4,0.4,0.04,-2.5,-0.1
1306,12.1,3.7,0.9,1.9,0.5,0.017,-4.5,-0.8
1307,11.8,3.5,3,0.3,2.1,0.116,-0.4,0.4
1308,9.7,4,0.7,0.5,0,0.003,-5,-0.3
1309,4.5,1.4,0.9,0.5,0.1,0.06,-0.3,0
1310,3,0,1,0,0,-0.005,-7.7,0
1311,7.8,2.2,0.5,0.9,-0.7,-0.113,-9.5,-0.6
1312,17.8,4.8,4.8,1,13.8,0.096,-2.1,-0.1
1313,,,,,,,,
1314,5.9,2,1.5,0.2,0.5,0.161,1.2,0.1
1315,10.8,2,1.4,0.7,1.6,0.04,-2.2,-0.1
1316,,,,,,,,
1317,21,7.9,2,1.8,14.8,0.057,-1.9,0.2
1318,,,,,,,,
1319,,,,,,,,
1320,,,,,,,,
1321,,,,,,,,
1322,28.3,17.7,2.4,4.8,45.3,0.14,2.1,16.1
1323,34.4,23.8,10.2,2.3,91.3,0.211,6,42.1
1324,24.6,8.4,5.4,1.2,21,0.092,-1.8,0.6
1325,34.8,22.1,4.1,4.2,48.8,0.104,1.7,21
1326,28.2,13.1,2.6,2.8,8.8,0.036,-2.1,-0.4
1327,13.4,4.9,4.8,0.6,4.6,0.053,-3.5,-1.6
1328,36.3,24.6,4.2,6.6,94.1,0.175,4.7,43.7
1329,31.8,14.1,5.1,1.8,44.8,0.091,-0.8,7.1
1330,24.8,11.2,2.8,1.3,23.4,0.068,-0.9,4.5
1331,29.6,13.8,13.3,1.4,67.7,0.153,1.3,17.7
1332,24.2,8.8,2.1,2.2,13.9,0.042,-3.1,-4.2
1333,16,5.6,3.9,0.9,15.5,0.104,-1.4,1.1
1334,20.8,10.1,3.6,1.6,26.8,0.108,0.6,7.9
1335,19.3,5,1.6,4.9,1,0.015,-3.5,-1.1
1336,19.7,7.6,5.3,1.1,20.7,0.113,-0.5,3.4
1337,22.6,6.9,3.5,0.9,23,0.079,-0.8,4.1
1338,3,0,0,0,0,-0.121,-16.9,0
1339,17.5,6.9,4.4,0.9,17.1,0.113,-2,0
1340,23.8,10.4,5.7,1,14.7,0.127,0.5,3.6
1341,14.3,6,3,0.4,3.8,0.045,-3.6,-1.6
1342,28.6,14.3,2.7,2.6,30.5,0.079,-0.9,4.9
1343,24.3,10.8,7.5,1.8,15.3,0.113,-0.4,2.7
1344,6,1.2,0.5,0,0,0.021,-7.6,-0.1
1345,12.8,5,1.5,0.8,3,0.065,-1.9,0.1
1346,7.2,2.3,0.7,0.5,0.2,0.017,-5.7,-0.6
1347,21.2,11.1,2.5,3,-1.3,-0.021,-3.4,-1.1
1348,16.4,4.9,4.5,0.5,10.6,0.09,-1.9,0.2
1349,12.4,3.6,3.1,0.2,1.7,0.113,-2.8,-0.1
1350,11.7,3.4,1.8,0.4,1.7,0.048,-3.5,-0.6
1351,10,2.4,1,1.5,-0.9,-0.045,-6.5,-1
1352,14.1,4.2,4.3,0.4,5.9,0.119,-2,0
1353,19.4,6.1,2,0.8,1.3,0.024,-4.2,-1.5
1354,22.2,6.9,2.9,4.1,17.9,0.1,-0.9,2.4
1355,8.3,2.2,2.3,0.1,1.9,0.117,-1.8,0
1356,25.3,9.6,4.3,1.6,40.2,0.104,0.3,10.9
1357,28.5,8.7,6.9,5.4,52.7,0.13,2.7,23.1
1358,10.8,3.2,1.7,0.7,1.4,0.059,-2.4,-0.1
1359,16,4.9,3.5,0.6,8.7,0.078,-2,-0.1
1360,13.5,4.3,2.4,0.5,-0.1,-0.003,-3.9,-0.5
1361,31.8,17.1,4.9,3.8,50.6,0.117,0.7,14.3
1362,25.9,11.6,4.3,2.7,26,0.077,-0.3,7.1
1363,8,2.9,0.5,0.9,-0.9,-0.088,-8.1,-0.8
1364,12.7,3.5,1,0.8,0.1,0.005,-5.8,-1.2
1365,16.5,6.7,3.1,0.9,16.8,0.088,-1.7,0.6
1366,9.9,2.9,0.9,0.6,0.2,0.021,-4.2,-0.2
1367,17.4,6.1,3.6,0.8,3.7,0.091,-0.9,0.5
1368,19.8,5.9,1.6,1.4,6.5,0.059,-2.3,-0.4
1369,3.1,0.9,0.2,0.1,-0.3,-0.272,-16.8,-0.2
1370,15.8,3.6,2.3,1.5,0.3,0.015,-2.7,-0.2
1371,14.2,5.4,4.6,1.4,17.8,0.128,0.9,5
1372,,,,,,,,
1373,5.4,0.9,0.7,0.1,-0.1,-0.127,-9.9,-0.1
1374,4.4,0.9,1,0.2,0.2,0.061,-5.6,-0.2
1375,13.2,2.3,4.3,0.7,1.4,0.122,-3.6,-0.2
1376,5.5,1.3,0.9,0.4,-0.2,-0.032,-7,-0.3
1377,3,0,0.9,0.3,-0.3,-0.597,-25.5,-0.1
1378,,,,,,,,
1379,,,,,,,,
1380,14.3,3.9,2.7,0.5,1.9,0.066,-3.1,-0.4
1381,,,,,,,,
1382,14.5,4.2,3.1,0.7,2.4,0.042,-4,-1.4
1383,12.6,4.4,3.1,0.5,0.5,0.013,-4.8,-1.3
1384,32.8,17.4,4.6,3.9,25.1,0.08,0.9,11
1385,26,10.6,5.1,1.5,36,0.132,1.8,12.5
1386,22.2,8.5,6,1.4,32.1,0.14,-0.6,4
1387,18.9,7.7,5.9,0.9,21.6,0.096,-1.9,0.2
1388,22.4,7.3,6.2,1.1,28.3,0.134,0.9,7.5
1389,22.5,9,2.3,1,9,0.035,-3.1,-3.4
1390,29.2,11.6,3.1,1.7,34.6,0.083,-0.8,6
1391,20.9,9.6,1.8,3.1,12.9,0.06,-1.3,1.7
1392,31.6,19.2,3.5,3.5,40.3,0.104,1.3,15.7
1393,25.3,10.3,4.4,4.4,6.6,0.032,-1.2,1.9
1394,26.8,9.3,8,1.5,56,0.151,0.5,11.3
1395,22,10.1,5.1,2,35.3,0.126,0.9,9.8
1396,17.2,9,2.8,0.5,8.5,0.085,-2,0
1397,32.6,21.8,9.4,4.6,87.5,0.197,6,43.3
1398,12.4,3.2,2.8,0.5,6,0.165,2.3,1.9
1399,26.5,14.2,2.9,4.7,23.4,0.068,-1.2,3.4
1400,19.1,5.5,1.9,2.9,4.4,0.044,-2.4,-0.6
1401,11.7,3,1.5,0.9,0.8,0.036,-3.4,-0.4
1402,21.8,6.1,2.3,1.1,18.5,0.068,-2,-0.1
1403,20.5,7.5,5.7,1.3,30.7,0.12,0.4,7.3
1404,22.3,8.3,6.6,2.4,44.2,0.144,1.3,12.2
1405,21.5,5.5,3.1,1.5,11.9,0.059,-2.1,-0.3
1406,27,13.9,2.8,1.9,25.8,0.078,-0.8,4.8
1407,22.5,7.8,2.5,1.2,18.1,0.089,-0.8,3
1408,22.2,4.5,4,0.9,12.6,0.089,-0.6,2.3
1409,30,12.4,11.7,1.3,86.6,0.227,4,27.8
1410,,,,,,,,
1411,14.5,6.3,2,1.2,1.1,0.022,-3,-0.6
1412,5.9,1.1,0.6,0.5,-0.4,-0.132,-10,-0.3
1413,24,9.1,2.8,1.1,13.7,0.072,-1.6,0.9
1414,16,5.3,1.4,0.5,5,0.086,-1.9,0.1
1415,5.4,2.7,0.9,0.6,0,0.057,-3.4,0
1416,20.4,8.1,1.9,1.9,4.3,0.043,-2.4,-0.5
1417,9.5,2.7,1.5,0.6,-0.2,-0.065,-6.6,-0.2
1418,18.2,6,2,2.4,2.1,0.035,-2.6,-0.4
1419,3.8,1,1.2,0.1,0.2,0.151,0.4,0
1420,18.8,5.5,2.2,2.5,0.9,0.028,-2.6,-0.2
1421,10.1,3.2,2.5,0.3,6.8,0.157,0.5,1.3
1422,6.4,2,1.1,0.4,-0.1,-0.128,-10.8,-0.1
1423,7.3,1.8,1,0.4,0,-0.006,-5.9,-0.2
1424,10.5,4.4,1.1,2.4,0,0.021,-4.4,-0.1
1425,9.9,3.9,1.4,0.8,-0.6,-0.096,-7.6,-0.4
1426,15.5,6.2,3.2,0.9,16.6,0.119,0.2,3.8
1427,,,,,,,,
1428,8.7,3.1,0.7,0.8,0.1,0.011,-4,-0.2
1429,16.2,6,1.6,2.2,10.1,0.077,-1.6,0.6
1430,19.2,6,3.1,1.3,3,0.046,-2.6,-0.5
1431,2.6,0.3,0.3,0.1,-0.1,-0.055,-8.6,-0.1
1432,20.3,6.7,3.3,0.9,16.2,0.097,-1.5,0.9
1433,,,,,,,,
1434,11.5,2.8,1.5,1.8,-0.2,-0.007,-3.5,-0.5
1435,,,,,,,,
1436,,,,,,,,
1437,13.6,5.6,3.8,0.9,5.2,0.089,-2.1,-0.1
1438,9.3,2.3,0.6,1.4,-0.2,-0.032,-6.4,-0.2
1439,,,,,,,,
1440,,,,,,,,
1441,,,,,,,,
1442,,,,,,,,
1443,35,19.3,4.4,2.3,24,0.055,-1.5,2.6
1444,27.5,14.1,5.5,2,13.8,0.078,-0.8,2.5
1445,31.2,26,11.4,3.3,43.7,0.205,5.9,20.4
1446,28.9,13,6.3,2.5,28.8,0.09,-0.1,7.3
1447,18.6,5.7,1.8,2.1,3.1,0.032,-3.3,-1.5
1448,29.8,10.5,3.6,4.5,29.5,0.092,-0.2,7.2
1449,31.2,17.7,9.3,3.6,31.4,0.093,0.4,9.7
1450,19.5,6.7,2,1.5,3.9,0.028,-3,-1.7
1451,16.8,4.9,5.1,0.8,9.2,0.078,-2.4,-0.6
1452,26.8,10.1,4,5.7,15.8,0.057,-0.9,3.7
1453,20.9,9.2,2.3,0.9,19.2,0.084,-1.9,0.4
1454,25.2,11.7,5.9,2,16.4,0.088,-0.8,2.6
1455,31.8,19.8,3.9,3.9,23.7,0.075,0.5,9.5
1456,28.8,15.5,4.1,1.2,19.6,0.099,-0.2,4.2
1457,13.1,4,2.9,0.6,-0.6,-0.019,-5.9,-1.4
1458,23.9,12.2,8.5,2.2,23.3,0.114,0.5,6.1
1459,8.5,2.3,1,0.3,0.8,0.046,-3.4,-0.3
1460,12.6,4.2,1.3,1.9,1.3,0.026,-3.4,-0.8
1461,28.8,11.8,2.5,2.1,20.8,0.074,-1.4,2.1
1462,12.3,4.2,2.6,0.7,1.5,0.054,-2.7,-0.2
1463,10.7,4.4,3.5,0.3,1.3,0.108,-2.6,-0.1
1464,8.2,3.2,0.9,0.6,0.4,0.07,1.7,0.2
1465,24.5,10.4,2.6,1.6,17.4,0.076,-1.2,2.2
1466,17.4,7.1,1.9,2.5,8.1,0.065,-0.7,2
1467,26.8,12.4,10.7,1,52.9,0.201,2,12.8
1468,18,6,2.4,0.5,0.9,0.021,-3.9,-1
1469,28.6,14.2,3.4,3.4,16.2,0.086,0.4,5.5
1470,5.7,2,0.5,0.5,0.1,0.007,-4.3,-0.2
1471,14.1,2.5,2.4,0.3,0.7,0.03,-3.5,-0.4
1472,21,6.7,4.4,2.3,27,0.122,1.7,10
1473,7.8,1.8,1.6,0.5,-0.1,-0.024,-5.6,-0.1
1474,14.1,5.3,2.2,0.6,1.3,0.03,-2.8,-0.4
1475,25.6,11.1,3.2,1.6,20.5,0.093,-0.5,3.9
1476,14.3,4.3,2.2,0.8,-0.6,-0.039,-5.9,-0.8
1477,5.4,2.4,1.4,0.3,0.6,0.202,0.1,0.1
1478,11.5,3.5,2.4,0.5,0.2,0.006,-6.2,-1.8
1479,,,,,,,,
1480,26.4,13,3,5,22.5,0.106,0.3,6
1481,26,11.4,3.9,1.3,28.1,0.093,-0.4,5.7
1482,17.4,5.9,2.6,0.8,7.9,0.071,-1.7,0.4
1483,30.4,19.7,10.4,6.2,79.6,0.239,8.9,44
1484,9.4,2.6,1.4,0.4,-0.1,-0.02,-6.5,-0.3
1485,7.8,2.5,2.5,0.3,0.2,0.118,-0.4,0
1486,15.9,5.2,2.1,1.2,1.1,0.029,-2.9,-0.4
1487,19,7.7,4.6,1,38,0.188,1.3,8
1488,27,15.4,3.3,2.5,21.7,0.064,-0.5,6.2
1489,4.9,2,0.6,0.7,-0.2,-0.068,-5.1,-0.1
1490,10.9,2.3,1.4,1.1,0.1,0.006,-5.7,-0.4
1491,4.6,1.2,1,0.2,-0.1,-0.021,-8.1,-0.3
1492,,,,,,,,
1493,9.1,3.1,2,0.7,1.8,0.075,-3.4,-0.4
1494,,,,,,,,
1495,,,,,,,,
1496,,,,,,,,
1497,15.2,2.9,1.4,2,0.1,0.006,-5.1,-0.8
1498,10.4,2.2,1.6,0.7,-0.3,-0.028,-5.5,-0.4
1499,,,,,,,,
1500,13.8,6.9,1.8,1.4,1.7,0.048,-2.1,0
1501,,,,,,,,
1502,10,3.5,2.8,0.3,0.9,0.071,-3.3,-0.2
1503,34.2,23.2,11.3,3.1,66.1,0.193,4.8,28.3
1504,29.4,17.7,3.5,5.6,14.4,0.055,0.5,8
1505,19.5,10.4,4.7,0.9,7.2,0.071,-2,0
1506,30.8,18.9,7.9,1.6,27.1,0.125,1.7,9.6
1507,18.5,6.9,3.1,1.3,3.2,0.025,-2.8,-1.2
1508,22,8.7,5.9,1.4,23.3,0.121,-0.1,4.4
1509,23.8,10.9,2.9,3.8,-0.2,-0.001,-3.2,-2.2
1510,20.1,6.3,3.1,1.5,6.2,0.035,-2.8,-1.7
1511,21,9.4,4.1,1.6,15.2,0.092,-0.3,3.4
1512,25.8,8.4,5.1,2.5,7.8,0.046,-2.1,-0.2
1513,28.7,12.7,6.7,1.2,32.8,0.127,0.6,8.2
1514,18.3,7.8,4.3,1.1,14.5,0.085,-1,2
1515,33.7,23.5,3.9,4.7,29.9,0.089,0.5,10.2
1516,17.9,7.6,2.2,3.2,8.2,0.079,-0.4,2
1517,25.2,12,4.3,1,17.6,0.07,-1.8,0.5
1518,26.1,12.7,3.9,3.2,24,0.093,0.6,8.2
1519,12,3,1.1,0.5,-0.6,-0.017,-4.7,-1.2
1520,15.4,5.4,3,0.8,5.4,0.083,-1.4,0.5
1521,17.9,6.1,1.9,2.9,8.3,0.08,-1.6,0.5
1522,20.9,7.2,3.2,3,22.8,0.128,2.1,8.9
1523,13.6,5.3,2.6,0.8,4.9,0.072,-1.5,0.4
1524,21.7,11.1,6.6,1.2,21.1,0.103,-0.6,3.5
1525,22.2,9,5.5,1.9,12.9,0.091,-0.7,2.3
1526,18.4,6.2,1.8,3.7,19.3,0.111,0.4,5.1
1527,15.9,5.4,3.5,0.6,3.2,0.053,-4.3,-1.7
1528,,,,,,,,
1529,24.1,8.1,6.5,1.9,24.4,0.123,1,7.3
1530,8.8,3,1,0.4,0.4,0.051,-2,0
1531,9,3.3,1.9,0.3,0.6,0.054,-2.5,-0.1
1532,16.4,4.7,4.8,1.4,20.4,0.163,-0.2,2.7
1533,24.5,10,3.2,2.1,7.3,0.044,-2.4,-0.8
1534,21.5,12.9,5.3,1.4,40.7,0.198,2.9,12.1
1535,7.5,2.4,2,0.3,0.5,0.05,-4.8,-0.3
1536,18.6,3.9,2.5,0.7,-0.2,-0.016,-5.1,-0.6
1537,15.3,7.4,5.9,1.1,14.6,0.15,0.1,2.5
1538,7.5,2.1,1.9,0.1,0.5,0.105,-4.7,-0.2
1539,21.1,9.6,5.8,1.1,26.6,0.161,0.4,4.8
1540,9.4,3.2,0.9,0.8,0.3,0.016,-4.7,-0.6
1541,,,,,,,,
1542,29.8,12,3.1,2.7,23.8,0.088,-0.4,5.2
1543,18.5,5.9,3.3,1.2,18.1,0.112,0,3.9
1544,,,,,,,,
1545,8.5,3.4,1,0.9,0.4,0.016,-4.1,-0.6
1546,20.6,7,2,2.8,3.2,0.051,-2.8,-0.6
1547,,,,,,,,
1548,22.4,11.3,2.6,1.5,19.5,0.099,-0.1,4.4
1549,,,,,,,,
1550,5.2,1.8,1.1,0.3,0.6,0.178,-0.3,0.1
1551,,,,,,,,
1552,,,,,,,,
1553,,,,,,,,
1554,,,,,,,,
1555,,,,,,,,
1556,,,,,,,,
1557,,,,,,,,
1558,4.8,0.8,0.7,0,0,0.069,-5.7,0
1559,,,,,,,,
1560,,,,,,,,
1561,,,,,,,,
1562,,,,,,,,
1563,33.9,15.9,8.1,7.7,30.4,0.156,3.7,13.5
1564,32.8,18.5,5.2,3.8,18.7,0.074,-0.3,5.2
1565,28.7,16.5,4.9,2,24.5,0.102,0.1,6.1
1566,20.1,5.4,3.9,1.3,0.5,0.006,-3.9,-1.9
1567,24.1,8.1,3.3,4.2,3.9,0.031,-2.1,-0.2
1568,29.2,15.9,4.3,2.5,17.1,0.06,0.1,7.3
1569,30.1,16.3,3.6,3.8,20.8,0.096,0.3,6
1570,18.3,7.6,4.7,1,6.5,0.058,-2.4,-0.5
1571,20.2,7.3,6.1,1.4,28.9,0.165,1,6.4
1572,13.8,4.6,2.8,0.6,6.6,0.087,-2.1,-0.1
1573,28.4,14.4,9.2,3.6,34.6,0.141,1.7,11.1
1574,24.2,10.5,3.9,1.7,8.3,0.045,-1.8,0.5
1575,12.2,4.1,3.2,0.7,0.4,0.044,-3.9,-0.2
1576,18.8,7,3.3,1.8,4.5,0.044,-1.9,0.2
1577,15.7,5.4,3.4,0.6,8.1,0.083,-1.8,0.3
1578,6.6,2.3,1.4,0.4,1.1,0.105,-1.9,0
1579,10.3,3.1,1.2,1.4,-0.3,-0.028,-5.3,-0.5
1580,9.5,4.1,2.5,0.6,0.4,0.023,-3.7,-0.3
1581,20.9,10.4,2.5,1.2,10.5,0.071,-0.9,2
1582,27.6,14.6,3.8,4,11.9,0.065,-0.5,3.3
1583,19.2,5.9,3.2,1.8,4.4,0.038,-2.3,-0.4
1584,8.9,2.8,1,0.3,-0.1,-0.009,-6.1,-0.7
1585,13.4,6,3.9,0.6,3.5,0.11,-2.6,-0.2
1586,16,5.9,2,0.9,4.7,0.043,-4,-2.7
1587,5.1,2.2,1.6,0.1,0.1,0.062,-0.6,0
1588,18.7,7.9,2.2,1.3,7.1,0.071,-1.8,0.3
1589,29.5,15.7,6.3,3.1,33.3,0.136,1.8,11.1
1590,17.5,7.2,4.5,1,4.4,0.081,-2.3,-0.2
1591,25.8,12.5,6,4.8,16.4,0.096,1.8,7.8
1592,15.3,5.6,3.4,0.8,9.3,0.146,-0.9,0.8
1593,12.1,4.2,3.2,0.4,3.6,0.131,-2.1,0
1594,19,8.3,6.5,1.1,26.1,0.183,0.6,4.5
1595,11.9,5.2,4.1,0.4,6.3,0.139,-1.4,0.3
1596,20.9,7.5,1.7,4,0.5,0.008,-3.6,-1.1
1597,,,,,,,,
1598,30.2,15.5,4.2,4.8,24.2,0.116,1.1,7.9
1599,12.3,3,2.3,0.7,0.1,0.043,-5.4,-0.1
1600,16.9,3.8,1.6,1.4,4.4,0.062,-2.8,-0.6
1601,,,,,,,,
1602,3.4,1.4,0.9,0,-0.1,-0.211,-20.8,-0.1
1603,5.7,1.2,1.8,0.2,0,-0.005,-8.3,-0.2
1604,20.5,7.2,2.4,2.4,-0.9,-0.025,-5,-1.4
1605,6.6,1.3,1.2,0.1,-0.2,-0.093,-9.6,-0.2
1606,,,,,,,,
1607,5.2,1.8,0.7,0.7,0.2,0.087,-0.5,0.1
1608,7.4,2.2,1.6,0.2,0,-0.001,-6.6,-0.2
1609,12.8,4.8,1.7,0.5,3.8,0.059,-2.3,-0.2
1610,17,4.7,2.6,0.8,0,-0.001,-5.2,-1.4
1611,3.6,0.4,0.3,0.2,-0.1,-0.136,-12.1,-0.1
1612,14.6,6.1,2,0.8,8.1,0.088,-1.1,1
1613,3.3,0,0.7,0,-0.1,-0.473,-25.9,-0.1
1614,5.1,1.7,1.5,0.1,0.3,0.132,-0.1,0
1615,2.9,1.1,1.1,0.2,0,-0.015,-8.8,-0.1
1616,9.1,3.8,1,1.3,-0.4,-0.041,-4.7,-0.4
1617,5.6,2.4,0.8,0.6,0,-0.006,-8.8,0
1618,9.3,2.8,2.1,1.2,0,0,-3.3,-0.1
1619,,,,,,,,
1620,12.8,4.6,1.9,0.5,2.8,0.052,-2.6,-0.4
1621,,,,,,,,
1622,15.3,5.1,2.1,1.1,0.1,0.003,-5.2,-1.4
1623,24.8,10.9,3.2,4.8,3.5,0.052,-2,0
1624,32.5,11.9,5.7,6.2,11.4,0.067,1,6.3
1625,33.4,20.9,6.6,3,35.1,0.138,2.8,14.8
1626,23.1,11.3,4,1.8,-1.7,-0.012,-3.8,-3.1
1627,32.1,19.1,3.5,6.2,15.7,0.073,0.1,5.4
1628,25.8,9.3,5.4,1.1,6.7,0.091,0.2,2
1629,29.7,15.4,6.8,1.3,16.6,0.095,-0.1,4
1630,17.9,5.2,1.8,2.3,0.6,0.006,-4.1,-2.5
1631,23.9,10.7,2.9,4.2,-0.6,-0.005,-2.3,-0.4
1632,17.5,6,4.2,1.1,5.1,0.077,-2.2,-0.2
1633,20.4,10.3,2.3,2,5.6,0.043,-1.9,0.1
1634,23.5,10,2.9,2,14.2,0.098,-0.3,3
1635,33.7,23.9,4.2,4.5,29,0.12,2.4,13.1
1636,28.2,13.5,8.3,3.5,35.4,0.176,3,12.1
1637,18.7,6.5,2.5,1.1,5.3,0.053,-2.8,-1
1638,13.5,3.9,2.7,0.9,0.4,0.066,-2.8,-0.1
1639,12.3,4.4,3.1,0.7,2.8,0.075,-2.6,-0.3
1640,8.5,3.3,1.9,0.3,2.7,0.104,-1.8,0.1
1641,29,16.5,8.3,1.6,28.1,0.159,1.5,7.4
1642,12.9,5.9,3.8,1.2,3,0.079,-2.4,-0.2
1643,19.6,4.5,1.3,0.7,4.4,0.053,-4,-2.1
1644,26.6,11.6,8.7,1.4,34.9,0.185,1.7,8.5
1645,26.8,10.4,4.1,1.4,17.6,0.105,0.1,4.3
1646,3.7,0.9,0.7,0.2,0.2,0.084,-4.3,-0.1
1647,15.8,5.6,3.9,0.7,0.4,0.038,-6.2,-0.5
1648,8.7,2.3,2.9,0.7,-0.2,-0.015,-6.2,-0.7
1649,30.4,15.6,6.2,2.2,14.2,0.066,-1,2.7
1650,11.7,4.6,4.3,0.5,7.4,0.181,0.2,1.1
1651,25.9,11.5,3.3,3.8,15.3,0.108,1.1,5.3
1652,27.3,9.9,5.7,2.1,15.7,0.094,-0.3,3.4
1653,18.2,8.5,1.8,1,2.5,0.031,-3.9,-1.9
1654,12.1,3.6,1.9,0.9,1.4,0.07,-2.1,0
1655,16.9,4.4,2.5,0.9,4.2,0.053,-3.9,-1.8
1656,15.7,6.7,2,2.6,1.2,0.035,-2.6,-0.3
1657,14.6,5.7,4.3,1,3.2,0.125,-1.7,0.1
1658,13.5,4.3,3.4,0.8,1.4,0.098,-1.3,0.1
1659,14.5,3.4,2.2,0.4,5.2,0.061,-3.4,-1.5
1660,12,3.7,3.1,1.2,4.9,0.121,0.2,1.1
1661,15.1,4.2,1.7,2,-0.4,-0.022,-5.4,-0.7
1662,19.4,7.3,2.6,1.1,0.8,0.01,-5.1,-3.1
1663,16.1,6.7,2.3,1.3,1,0.03,-3.1,-0.5
1664,20.1,10.2,5.7,1.3,11.6,0.163,1.5,3
1665,13.7,5.8,3.9,1.5,8.5,0.181,1.9,2.2
1666,19.9,7.5,2.5,1.5,3,0.034,-2.8,-0.9
1667,28.2,14.5,3,2,5.3,0.033,-3.8,-3.5
1668,16.8,5.4,3.3,1,6.5,0.071,-2.1,-0.1
1669,2.6,0.9,0.9,0.1,0,0.057,-1.1,0
1670,10.8,2.5,1.3,0.7,1.1,0.032,-3.1,-0.5
1671,7.2,2.3,1.3,0.5,0.8,0.075,-2.5,-0.1
1672,,,,,,,,
1673,25.2,10.5,2.3,3.7,18.5,0.125,0.3,4.2
1674,14.1,5.7,1.5,1.1,1.9,0.061,-3.2,-0.4
1675,13.6,5.5,1.5,2.3,1,0.075,-1.2,0.1
1676,11.3,4.1,1.9,0.6,0.3,0.055,-2.8,0
1677,5,1.4,0.6,0.6,0,0.017,-3.9,0
1678,8.8,3,1.5,0.6,0.2,0.098,-3.1,0
1679,,,,,,,,
1680,,,,,,,,
1681,16.3,4.2,3.6,0.5,0.3,0.03,-3.8,-0.2
1682,,,,,,,,
1683,30.7,16.3,10.5,1.6,24.6,0.163,1.1,5.7
1684,25.1,13.6,7.4,0.9,7.3,0.085,-2.1,-0.1
1685,33.8,26.4,8.5,8,29,0.156,6.8,19.8
1686,27.1,15.8,5.1,1.2,12.8,0.112,0,2.8
1687,33.6,25.3,3.9,9.1,26.3,0.134,3,11.9
1688,18.6,7.7,6.1,0.9,10.4,0.119,0.2,2.3
1689,27.6,12.2,8.9,2,13.6,0.116,-0.7,1.9
1690,32.9,20,3,3.3,5.4,0.036,-2.5,-0.9
1691,18.9,7.7,2.9,0.8,-0.3,-0.004,-4.7,-2.7
1692,31.3,11.3,3.9,2.1,24.6,0.122,1.1,7.5
1693,31.8,18.2,4.5,4.3,17.6,0.109,1.9,7.5
1694,29.1,13.4,5.6,2.3,16,0.091,-0.2,3.8
1695,14.2,4.5,1.8,1.2,-0.1,-0.003,-4.7,-1.1
1696,24.6,14.1,6.1,1.1,9.6,0.15,2.1,3.1
1697,18.5,6.4,3.8,1.6,4.9,0.058,-2,0
1698,11,3.7,1.2,0.9,0,0.011,-6.1,-0.1
1699,23.6,9,4.6,2.5,9.2,0.093,-0.2,2.2
1700,20.4,9.4,2.4,1.6,2,0.022,-3.2,-1.3
1701,29.6,11.4,3.5,3.2,9.4,0.056,-1.3,1.4
1702,20.6,6.4,2.9,1.1,5.3,0.051,-2.9,-1.2
1703,21.9,9.4,2.6,1.5,8.1,0.092,-0.7,1.4
1704,17.4,5.4,3.7,0.8,1.1,0.03,-3.9,-0.9
1705,18.2,7.3,1.8,2.4,4.7,0.051,-2.3,-0.4
1706,20.7,10.2,2.2,2,4,0.043,-2.2,-0.2
1707,15.1,7.5,3.5,1.1,5.9,0.096,-1.4,0.4
1708,23.3,9,1.8,1.6,10.6,0.083,-1.8,0.3
1709,19.9,7.2,6.6,1.4,18.4,0.255,5.3,6.3
1710,10.5,2.8,1.1,0.9,-0.6,-0.047,-7.4,-0.8
1711,10.7,4.3,1.9,0.9,0,0.003,-4.6,-0.4
1712,17.8,6.8,4.3,1,2.4,0.068,-1.5,0.2
1713,15.5,4.8,1.7,2.2,0.5,0.014,-4.1,-0.9
1714,14.1,4.4,1.7,1.4,4.5,0.069,-1.1,0.7
1715,24.7,11.9,3,3.7,17.3,0.121,0,3.5
1716,28,12.8,2.5,5,10.1,0.072,-0.4,2.7
1717,9.1,2.7,0.9,0.2,-0.4,-0.062,-10,-0.6
1718,23.8,8.4,7.5,0.6,24.8,0.218,2.3,6
1719,27.9,13.5,2.2,1.4,9.6,0.081,-0.9,1.6
1720,10.5,4.1,1,0.9,0.5,0.058,-2.7,-0.1
1721,13.1,3.1,2.2,0.8,1.7,0.044,-3.6,-0.7
1722,16.1,6,3.1,0.9,2.3,0.052,-2.8,-0.4
1723,18.9,5.4,6.2,1.1,9.1,0.14,-0.1,1.5
1724,23.4,7.6,4.3,2.1,12.7,0.097,-0.9,1.7
1725,,,,,,,,
1726,,,,,,,,
1727,18.9,8.4,3.9,1.1,4.9,0.06,-2.3,-0.3
1728,20.7,8.4,3.6,2.8,7.7,0.076,0.5,3.1
1729,17,6.6,1.8,1.4,2.5,0.033,-2.7,-0.7
1730,15,5.2,3,0.6,3.5,0.068,-2.4,-0.2
1731,14.1,6.1,3.6,0.8,2.1,0.05,-2.3,-0.2
1732,7.5,2.5,3,0.4,1.3,0.12,-2,0
1733,,,,,,,,
1734,8,1.5,1,0,0,-0.014,-6.4,0
1735,7.4,1.8,0.6,1.2,-0.2,-0.116,-6.7,-0.1
1736,20.9,9.7,2.3,2.6,6.9,0.09,-1.8,0.2
1737,2.5,0,0,0,0,-0.217,-21.8,0
1738,10.4,3.6,3.3,0.3,0.1,0.024,-6.2,-0.2
1739,5.2,1.7,1.2,0.5,-0.1,-0.085,-5.1,0
1740,3.3,1.6,0.4,0.5,0.1,0.162,1.2,0
1741,5,0.2,1.2,0,-0.1,-0.225,-17.1,-0.1
1742,4,1,1,0.1,-0.2,-0.098,-9.9,-0.2
1743,31.7,25.7,7,3.2,10.6,0.189,4.9,4.7
1744,32.2,21.2,4.5,7.1,13.7,0.109,1.9,5.9
1745,33.5,17.5,5.6,2.9,5.9,0.042,-2.2,-0.3
1746,30.7,13.2,4.1,1.6,2.9,0.033,-3.5,-1.6
1747,33.4,17.4,2.6,6.3,6.2,0.05,-1.2,1.1
1748,17.5,6.6,2.7,1.2,-0.1,-0.002,-4.6,-1.5
1749,28.2,13.7,3.6,3.5,5.6,0.049,-2.5,-0.6
1750,17.7,8.1,4.3,0.7,12.5,0.174,0.2,1.9
1751,28.5,13,5.2,1.5,5.3,0.061,-2.8,-0.8
1752,24.9,10.5,3.2,1.3,1,0.015,-3.1,-0.9
1753,24.2,10.4,3.6,1.4,10.9,0.118,1.1,3.5
1754,29.3,11.8,5.7,2.3,8,0.07,-0.9,1.6
1755,30.3,16.7,4.7,3.2,7,0.064,-0.6,1.9
1756,14.5,3.6,1.9,0.5,1.5,0.052,-2.9,-0.3
1757,17.1,5.6,2.8,0.7,-0.4,-0.013,-6.5,-1.8
1758,25.1,8.3,4.6,1.9,3.5,0.058,-0.7,1
1759,19.4,9.3,2.6,2.2,0.6,0.009,-2.7,-0.5
1760,11.8,5,2.9,0.8,4,0.109,-1.2,0.4
1761,9.9,3.8,2.2,0.6,0.1,0.015,-4.8,-0.3
1762,21.8,4.8,1.9,1.1,8.8,0.099,1.1,3.3
1763,21.9,10.9,5.6,1.4,15.4,0.187,2.9,4.9
1764,19.4,5.4,3,1,7.7,0.091,-1.9,0.1
1765,25.8,10,5.8,1.3,1.8,0.018,-2.7,-0.8
1766,17.1,7.1,1.9,2.4,1.8,0.046,-1.9,0
1767,16.7,5.8,3.4,0.7,3.4,0.071,-2.3,-0.2
1768,12,3.3,2.4,0.8,1.3,0.063,-1.7,0.1
1769,6.7,2.7,1.4,0.4,0.4,0.054,-3.1,-0.1
1770,24.7,13.7,2.6,2.9,6.7,0.071,-1.5,0.6
1771,29,14.4,5.8,1.8,9.3,0.095,-0.8,1.4
1772,28.5,13.7,3.9,4.7,1.1,0.014,-2.7,-0.7
1773,18.7,7.3,5,0.9,5.8,0.159,0.3,1
1774,11.4,2.8,1.8,0.5,0.7,0.047,-5.3,-0.6
1775,9.8,3.7,1.1,0.7,0.3,0.019,-5.1,-0.5
1776,9.2,3.2,2.8,0.6,1.2,0.052,-4.1,-0.6
1777,15.4,3.6,1.7,0.7,-0.1,-0.034,-8.1,-0.3
1778,21.2,5.8,3.5,2.1,6,0.079,-1.2,0.7
1779,7,1.9,1.5,0.3,-0.1,-0.032,-5.9,-0.2
1780,16.8,7.6,4.4,0.7,11.3,0.19,1.1,2.3
1781,7.7,3,1.5,0.6,0.3,0.056,-3.3,-0.1
1782,7.5,3.2,0.9,0.6,0.3,0.024,-3.1,-0.2
1783,19.5,9.8,3.2,1.4,5,0.078,-2.2,-0.1
1784,11.8,3.5,1.9,0.6,0.4,0.023,-5.5,-0.7
1785,15.8,8.1,1.9,1.8,3.7,0.093,-1,0.5
1786,6.2,2.7,1.2,0.3,0.2,0.031,-3.1,-0.1
1787,21.9,9.1,5.1,1.6,4.1,0.083,-1.8,0.1
1788,22.1,9.3,2.8,2.6,3.3,0.054,-2.3,-0.2
1789,13.1,5,1.9,0.9,0.4,0.024,-4.9,-0.6
1790,20.9,7.6,3.8,1.9,10,0.122,-0.6,1.4
1791,6.5,2.1,0.8,0.6,0.2,0.03,-5.5,-0.2
1792,6.3,2.4,1.3,0.7,0.5,0.099,-0.6,0.1
1793,10.2,3.7,0.9,2.1,0.1,0.012,-3,-0.1
1794,17.7,6.6,3.4,1.1,3.4,0.078,-2.8,-0.5
1795,11.3,4.8,1.3,1.8,0,-0.008,-9,-0.1
1796,7,2.8,1.8,0.3,-0.1,-0.13,-13,-0.1
1797,8.1,3.1,1,0.9,0.1,0.006,-4.9,-0.3
1798,,,,,,,,
1799,10.4,2.8,1.2,1.1,0.1,0.01,-5.9,-0.2
1800,8.4,1.8,1.4,0.5,1,0.07,-2.5,-0.1
1801,4.7,2.3,2.3,0.5,0,0.043,-9.6,-0.1
1802,,,,,,,,
1803,33.2,20.3,4.7,3.4,5.1,0.051,-0.4,1.9
1804,21.4,11.5,5.8,0.7,0.7,0.042,-5,-0.6
1805,30.9,18.3,6.4,7,8.7,0.107,2.8,4.7
1806,27.3,9.2,4.5,1.3,3.3,0.067,-2.3,-0.2
1807,31,9.2,3,1.9,5.1,0.059,-3.5,-1.6
1808,16.3,6.3,4.6,0.7,6.1,0.184,0,0.8
1809,25.2,6.8,3,4.5,-0.6,-0.013,-4.6,-1.5
1810,14.3,6.7,3,0.8,5.5,0.137,1,1.5
1811,23.8,7.6,5.1,1.7,3.6,0.054,-2.3,-0.2
1812,13.9,6.7,4.4,0.4,2.9,0.127,-1.3,0.2
1813,22.5,9.1,3.6,1.4,4.8,0.077,-0.9,0.8
1814,32.9,14.3,3.6,6.9,10.5,0.114,2.1,4.6
1815,16,6.2,1.4,2.2,0.7,0.028,-3.6,-0.5
1816,12.7,4.2,2.2,0.5,1.5,0.058,-3.7,-0.5
1817,29.8,14.9,5.1,5,1.6,0.023,-2,0
1818,23.5,8.1,7.7,1,7.4,0.109,-2.3,-0.2
1819,21.9,7.8,5,2.2,-1.5,-0.032,-4.2,-1.3
1820,14,4,2.3,1,2.9,0.093,-1.8,0.1
1821,30.3,14.3,5,2.2,7.3,0.075,-0.4,1.9
1822,18.4,7.2,5.1,0.8,3.8,0.075,-3,-0.7
1823,26.4,13.2,2.5,3.2,9.2,0.123,0,1.9
1824,13.2,4.9,2.6,0.3,2.7,0.116,-2.1,0
1825,6.9,1.4,1.2,0.6,0,0.004,-5.8,-0.2
1826,19.9,7.3,3.2,2.1,0.2,0.005,-4,-1.1
1827,21.4,11.4,2.7,2.8,7.5,0.118,0.5,1.9
1828,16.6,6.9,2.1,1.9,5.6,0.118,0.4,1.4
1829,7.9,3,2.6,0,0.8,0.148,-2,0
1830,24.9,8.1,3.9,1.1,3.9,0.056,-3.2,-1
1831,16.1,6,2,2.3,1.8,0.06,-2.2,-0.1
1832,26.3,14,3.8,2.3,10.1,0.129,1.3,3.2
1833,4.5,1,0.5,0.5,0,-0.035,-4.8,0
1834,6.1,2.5,1.5,0.1,0.2,0.066,-6.5,-0.2
1835,5.7,1.9,1.6,0.3,0.3,0.086,-5.2,-0.2
1836,23.2,8.8,2.9,2.9,-0.5,-0.009,-4.8,-1.9
1837,15.9,5.7,3.7,1.2,4.6,0.125,0.2,1
1838,3.9,1,1.1,0.2,0,-0.033,-9.5,-0.1
1839,23,6.2,3.4,1.9,0.6,0.042,-5.3,-0.6
1840,16.3,5.6,2.2,3.3,2.4,0.083,-1.3,0.2
1841,9.2,2.9,1.2,0.5,-0.4,-0.039,-6.4,-0.5
1842,3.5,1.1,1.1,0.2,-0.1,-0.077,-7.7,-0.1
1843,13.4,4.8,1.7,2.6,3.3,0.11,-1,0.3
1844,6.3,2.4,1.4,0.2,1,0.111,-3.5,-0.2
1845,7.1,3.1,0.7,0.4,-0.1,-0.023,-5.9,-0.2
1846,3.9,1.9,1.1,0,0,-0.011,-11.1,-0.1
1847,15.9,7.2,3.1,0.7,1,0.033,-3.6,-0.6
1848,15.5,4.6,2.9,1.1,0.5,0.018,-5.2,-1.1
1849,,,,,,,,
1850,12.1,4.1,1.5,2.3,0.2,0.029,-3.9,-0.2
1851,10.3,3.7,1,0.6,1.1,0.052,-4,-0.5
1852,8,3.3,1,0.8,1.1,0.104,0.1,0.3
1853,,,,,,,,
1854,22,9,4.3,1.2,5.1,0.09,-1.4,0.4
1855,4.7,1.9,0.3,0.7,0.1,0.051,-4.9,-0.1
1856,7.5,2.7,1.2,0.2,0,-0.006,-7.9,-0.4
1857,9.3,3.8,1.4,0.4,-0.1,-0.028,-7.3,-0.3
1858,3.9,2.6,0.1,0.4,0.1,0.177,5.1,0
1859,11.1,4.7,3.3,0.7,0.4,0.048,-5.5,-0.3
1860,7.5,3.2,2.4,0.4,1.9,0.193,1,0.4
1861,13.2,7.4,1.4,1.3,0.3,0.079,0.3,0.1
1862,8.1,3.2,1,0.7,0.5,0.088,-1.9,0
1863,32.6,17.4,5.5,5.6,-0.5,-0.011,-1.6,0.2
1864,31.9,17.3,3.4,2.6,0.7,0.015,-2.9,-0.5
1865,33.8,15,8.3,2.5,5.2,0.107,0.6,1.5
1866,35.4,15.3,7.5,3.5,6.6,0.122,0.9,1.9
1867,27.2,11.8,3.6,4.4,-1.6,-0.06,-5.6,-1.2
1868,31.5,12.5,7.8,6.4,0.4,0.01,-1,0.4
1869,16.9,9.3,3.3,0.9,3,0.123,-1.5,0.1
1870,30.7,15.2,4.5,2.9,4,0.079,-0.7,0.8
1871,27.7,11.5,2.2,4.2,0.1,0.003,-3.8,-0.9
1872,21.7,8.1,2.1,1,2.2,0.08,-3,-0.3
1873,9.8,4.6,1.7,0.8,0,0.001,-7.1,-0.4
1874,19.3,5.8,2.3,1.6,0,0.001,-5,-0.7
1875,28,13.1,4.1,2.1,0.9,0.029,-2.3,-0.1
1876,11.7,4.4,1.5,0.4,1.3,0.101,-2.5,-0.1
1877,23.4,8.2,2.7,1.1,2.3,0.061,-2.3,-0.1
1878,20.7,9.6,5.5,2.6,2.1,0.068,-1,0.4
1879,13.9,5.4,2.4,0.6,1.9,0.104,-1.2,0.2
1880,22.8,10.4,2.9,1.5,0.1,0.002,-4.3,-0.8
1881,3,1,0.5,0.2,0,0.009,-6.6,-0.1
1882,5.5,2.4,1.2,0.1,0,0.013,-4.9,-0.1
1883,18.8,7.2,2.2,2.1,-0.5,-0.031,-5.9,-0.7
1884,15,8.3,4.1,0.3,1.4,0.126,-1.5,0.1
1885,10,2,3.5,0.7,0.5,0.105,-0.9,0.1
1886,18,7.9,2.5,2,0.3,0.01,-3.5,-0.5
1887,17.1,6,2,1,1.4,0.087,-0.3,0.3
1888,19,10.1,2.7,2.8,2.4,0.088,-0.4,0.5
1889,17.6,8.5,2.4,1.2,0.8,0.033,-3.4,-0.4
1890,3,1,1,0,0,0.138,17.1,0
1891,12.2,6.2,5,0.5,1.2,0.152,-2.8,-0.1
1892,11.3,4.1,2.7,0.7,0.3,0.044,-5.7,-0.3
1893,6.2,1.7,1,0.3,-0.2,-0.104,-6.9,-0.1
1894,22.2,7.5,5.6,1,1.5,0.065,-2.2,-0.1
1895,,,,,,,,
1896,,,,,,,,
1897,29.9,9.5,3.8,2.1,4.6,0.096,-0.5,0.9
1898,9.3,2.2,1.1,1,0.2,0.032,-4.5,-0.2
1899,7.9,2,1.3,0.6,0.3,0.058,-3,-0.1
1900,27.4,8.8,2.8,3.3,3,0.069,-2,0
1901,8.6,3.2,2.2,0.4,0.1,0.051,-5.1,-0.1
1902,8.6,3.8,1.1,1.5,0.4,0.057,-1.6,0
1903,7.1,2.1,0.5,0.3,0.1,0.035,-3.9,-0.1
1904,20.2,6.4,3,1.1,0.7,0.085,-1.5,0
1905,13.3,4.7,2.8,0.7,0.4,0.029,-4.7,-0.4
1906,20.6,5.9,3.6,0.6,0.6,0.031,-3.8,-0.5
1907,,,,,,,,
1908,10.9,3.2,1.9,1.5,0.4,0.03,-3.1,-0.2
1909,1,0,0,0,0,-0.495,-27.7,0
1910,3,0.5,0.4,0.4,-0.2,-0.297,-16.3,-0.1
1911,,,,,,,,
1912,,,,,,,,
1913,14.9,6.7,2.2,1,0.4,0.026,-3.3,-0.3
1914,12.2,5.8,3.1,0.6,0.8,0.093,-2.5,-0.1
1915,7.3,3,2.7,0.3,0.8,0.22,1.9,0.2
1916,9.9,3.8,2,0.5,1.1,0.135,-0.3,0.2
1917,24.2,8.3,3.6,1.4,1.2,0.048,-4.3,-0.7
1918,3.5,0.5,0,0.5,0,0.164,6,0
1919,,,,,,,,
1920,13.5,2.2,4.1,0.5,1.5,0.128,-1.7,0
1921,,,,,,,,
1922,16.5,6.6,1.6,0.9,-0.1,-0.024,-7,-0.3